"강의ID","강의명","강의구분","신청시작일","신청종료일","교육시작일","교육종료일","학습대상","정원","수강신청 URL"
"ASP00001J101020160000029","인터넷 활용 [온라인수강신청]  → 통합로그인 후 수강신청 가능합니다. ","오프라인","20200721","20201106","20150603","20150629","","36","http://edupia.dobong.go.kr/DobongInfoEdu/LecDetail.asp?TopMenu=2&LeftMenu=2&BoardCode=46&OPEN_COURSE_SEQ=3230&Page=1"
"ASP00001J101020160000026","스마트폰기초&활용(평생학습관) [온라인수강신청]  → 통합로그인 후 수강신청 가능합니다. ","오프라인","20200721","20201106","20150603","20150629","","26","http://edupia.dobong.go.kr/DobongInfoEdu/LecDetail.asp?TopMenu=2&LeftMenu=2&BoardCode=46&OPEN_COURSE_SEQ=3227&Page=1"
"ASP00001J101020160000028","컴퓨터기초(어르신2개월) [온라인수강신청]  → 통합로그인 후 수강신청 가능합니다. ","오프라인","20200721","20201106","20150603","20150727","","36","http://edupia.dobong.go.kr/DobongInfoEdu/LecDetail.asp?TopMenu=2&LeftMenu=2&BoardCode=46&OPEN_COURSE_SEQ=3229&Page=1"
"ASP00001J101020160000027","DIAT자격증(한글) [온라인수강신청]  → 통합로그인 후 수강신청 가능합니다. ","오프라인","20200721","20201106","20150603","20150629","","36","http://edupia.dobong.go.kr/DobongInfoEdu/LecDetail.asp?TopMenu=2&LeftMenu=2&BoardCode=46&OPEN_COURSE_SEQ=3228&Page=1"
"ASP00001J101020160000016","한글2010(59세이하평생학습관) [온라인수강신청]  → 통합로그인 후 수강신청 가능합니다. ","오프라인","20200713","20201029","20150902","20150930","","26","http://edupia.dobong.go.kr/DobongInfoEdu/LecDetail.asp?TopMenu=2&LeftMenu=2&BoardCode=46&OPEN_COURSE_SEQ=3254&Page=1"
"ASP00001J101020160000018","인터넷 기초&활용 [온라인수강신청]  → 통합로그인 후 수강신청 가능합니다. ","오프라인","20200713","20201029","20150902","20150930","","36","http://edupia.dobong.go.kr/DobongInfoEdu/LecDetail.asp?TopMenu=2&LeftMenu=2&BoardCode=46&OPEN_COURSE_SEQ=3256&Page=1"
"ASP00001J101020160000015","엑셀2010(2개월과정효문고등학교) [온라인수강신청]  → 통합로그인 후 수강신청 가능합니다. ","오프라인","20200713","20201029","20150902","20151030","","30","http://edupia.dobong.go.kr/DobongInfoEdu/LecDetail.asp?TopMenu=2&LeftMenu=2&BoardCode=46&OPEN_COURSE_SEQ=3253&Page=1"
"ASP00001J101020160000017","컴퓨터기초 [온라인수강신청]  → 통합로그인 후 수강신청 가능합니다. ","오프라인","20200713","20201029","20150902","20150930","","36","http://edupia.dobong.go.kr/DobongInfoEdu/LecDetail.asp?TopMenu=2&LeftMenu=2&BoardCode=46&OPEN_COURSE_SEQ=3255&Page=1"
"ASP00001J101020160000003","엑셀2010 [온라인수강신청]  → 통합로그인 후 수강신청 가능합니다. ","오프라인","20200705","20201021","20151202","20151230","","36","http://edupia.dobong.go.kr/DobongInfoEdu/LecDetail.asp?TopMenu=2&LeftMenu=2&BoardCode=46&OPEN_COURSE_SEQ=3278&Page=1"
"ASP0000120160000295","인터넷 기초&활용 [온라인수강신청]  → 통합로그인 후 수강신청 가능합니다. ","오프라인","20200705","20201021","20151202","20151230","","36","http://edupia.dobong.go.kr/DobongInfoEdu/LecDetail.asp?TopMenu=2&LeftMenu=2&BoardCode=46&OPEN_COURSE_SEQ=3279&Page=1"
"ASP0000120160000296","스마트폰 기초&활용 [온라인수강신청]  → 통합로그인 후 수강신청 가능합니다. ","오프라인","20200705","20201021","20151202","20151230","","36","http://edupia.dobong.go.kr/DobongInfoEdu/LecDetail.asp?TopMenu=2&LeftMenu=2&BoardCode=46&OPEN_COURSE_SEQ=3280&Page=1"
"ASP00001J101020160000005","스마트폰 기초&활용 [온라인수강신청]  → 통합로그인 후 수강신청 가능합니다. ","오프라인","20200705","20201021","20151202","20151230","","36","http://edupia.dobong.go.kr/DobongInfoEdu/LecDetail.asp?TopMenu=2&LeftMenu=2&BoardCode=46&OPEN_COURSE_SEQ=3280&Page=1"
"ASP0000120160000294","엑셀2010 [온라인수강신청]  → 통합로그인 후 수강신청 가능합니다. ","오프라인","20200705","20201021","20151202","20151230","","36","http://edupia.dobong.go.kr/DobongInfoEdu/LecDetail.asp?TopMenu=2&LeftMenu=2&BoardCode=46&OPEN_COURSE_SEQ=3278&Page=1"
"ASP00001J101020160000004","인터넷 기초&활용 [온라인수강신청]  → 통합로그인 후 수강신청 가능합니다. ","오프라인","20200705","20201021","20151202","20151230","","36","http://edupia.dobong.go.kr/DobongInfoEdu/LecDetail.asp?TopMenu=2&LeftMenu=2&BoardCode=46&OPEN_COURSE_SEQ=3279&Page=1"
"ASP00001J101020160000060","한글2010 [온라인수강신청]  → 통합로그인 후 수강신청 가능합니다. ","오프라인","20200701","20201017","20150209","20150227","","36","http://edupia.dobong.go.kr/DobongInfoEdu/LecDetail.asp?TopMenu=2&LeftMenu=2&BoardCode=46&OPEN_COURSE_SEQ=3189&Page=1"
"ASP00001J101020160000061","컴퓨터기초 [온라인수강신청]  → 통합로그인 후 수강신청 가능합니다. ","오프라인","20200701","20201017","20150209","20150227","","36","http://edupia.dobong.go.kr/DobongInfoEdu/LecDetail.asp?TopMenu=2&LeftMenu=2&BoardCode=46&OPEN_COURSE_SEQ=3190&Page=1"
"ASP0000120160000530","소셜미디어 [온라인수강신청]  → 통합로그인 후 수강신청 가능합니다. ","오프라인","20200701","20201017","20150209","20150227","","36","http://edupia.dobong.go.kr/DobongInfoEdu/LecDetail.asp?TopMenu=2&LeftMenu=2&BoardCode=46&OPEN_COURSE_SEQ=3188&Page=1"
"ASP00001J101020160000059","소셜미디어 [온라인수강신청]  → 통합로그인 후 수강신청 가능합니다. ","오프라인","20200701","20201017","20150209","20150227","","36","http://edupia.dobong.go.kr/DobongInfoEdu/LecDetail.asp?TopMenu=2&LeftMenu=2&BoardCode=46&OPEN_COURSE_SEQ=3188&Page=1"
"ASP0000120160000531","한글2010 [온라인수강신청]  → 통합로그인 후 수강신청 가능합니다. ","오프라인","20200701","20201017","20150209","20150227","","36","http://edupia.dobong.go.kr/DobongInfoEdu/LecDetail.asp?TopMenu=2&LeftMenu=2&BoardCode=46&OPEN_COURSE_SEQ=3189&Page=1"
"ASP0000120160000532","컴퓨터기초 [온라인수강신청]  → 통합로그인 후 수강신청 가능합니다. ","오프라인","20200701","20201017","20150209","20150227","","36","http://edupia.dobong.go.kr/DobongInfoEdu/LecDetail.asp?TopMenu=2&LeftMenu=2&BoardCode=46&OPEN_COURSE_SEQ=3190&Page=1"
"ASP0000120160001839","인터넷활용 [온라인수강신청]  → 통합로그인 후 수강신청 가능합니다. ","오프라인","20200627","20201013","20160307","20160330","","36","http://edupia.dobong.go.kr/DobongInfoEdu/LecDetail.asp?TopMenu=2&LeftMenu=2&BoardCode=46&OPEN_COURSE_SEQ=3298&Page=1"
"ASP00001J101020170000165","엑셀과 파워포인트 [온라인수강신청]","오프라인","20200627","20201013","20160307","20160330","","36","http://edupia.dobong.go.kr/DobongInfoEdu/LecDetail.asp?TopMenu=5&LeftMenu=18&BoardCode=46&OPEN_COURSE_SEQ=3297&Page=7"
"ASP00001J101020170000164","인터넷활용 [온라인수강신청]","오프라인","20200627","20201013","20160307","20160330","","36","http://edupia.dobong.go.kr/DobongInfoEdu/LecDetail.asp?TopMenu=5&LeftMenu=18&BoardCode=46&OPEN_COURSE_SEQ=3298&Page=7"
"ASP00001J101020170000080","엑셀과 파워포인트 [온라인수강신청]","오프라인","20200627","20201013","20160307","20160330","","36","http://edupia.dobong.go.kr/DobongInfoEdu/LecDetail.asp?TopMenu=2&LeftMenu=2&BoardCode=46&OPEN_COURSE_SEQ=3297&Page=10"
"ASP00001J101020170000079","인터넷활용 [온라인수강신청]","오프라인","20200627","20201013","20160307","20160330","","36","http://edupia.dobong.go.kr/DobongInfoEdu/LecDetail.asp?TopMenu=2&LeftMenu=2&BoardCode=46&OPEN_COURSE_SEQ=3298&Page=10"
"ASP0000120160001838","엑셀과 파워포인트 [온라인수강신청]  → 통합로그인 후 수강신청 가능합니다. ","오프라인","20200627","20201013","20160307","20160330","","36","http://edupia.dobong.go.kr/DobongInfoEdu/LecDetail.asp?TopMenu=2&LeftMenu=2&BoardCode=46&OPEN_COURSE_SEQ=3297&Page=1"
"ASP00001J101020160000077","인터넷활용 [온라인수강신청]  → 통합로그인 후 수강신청 가능합니다. ","오프라인","20200627","20201013","20160307","20160330","","36","http://edupia.dobong.go.kr/DobongInfoEdu/LecDetail.asp?TopMenu=2&LeftMenu=2&BoardCode=46&OPEN_COURSE_SEQ=3298&Page=1"
"ASP00001J101020160000076","엑셀과 파워포인트 [온라인수강신청]  → 통합로그인 후 수강신청 가능합니다. ","오프라인","20200627","20201013","20160307","20160330","","36","http://edupia.dobong.go.kr/DobongInfoEdu/LecDetail.asp?TopMenu=2&LeftMenu=2&BoardCode=46&OPEN_COURSE_SEQ=3297&Page=1"
"ASP00001J101020160000073","한글을 활용한 문서 디자인 [온라인수강신청]  → 통합로그인 후 수강신청 가능합니다. ","오프라인","20200627","20201013","20160304","20160325","","36","http://edupia.dobong.go.kr/DobongInfoEdu/LecDetail.asp?TopMenu=2&LeftMenu=2&BoardCode=46&OPEN_COURSE_SEQ=3293&Page=1"
"ASP00001J101020160000072","스마트폰 기초 [온라인수강신청]  → 통합로그인 후 수강신청 가능합니다. ","오프라인","20200627","20201013","20160304","20160325","","36","http://edupia.dobong.go.kr/DobongInfoEdu/LecDetail.asp?TopMenu=2&LeftMenu=2&BoardCode=46&OPEN_COURSE_SEQ=3291&Page=1"
"ASP00001J101020170000171","스마트폰 기초 [온라인수강신청]","오프라인","20200627","20201013","20160304","20160325","","36","http://edupia.dobong.go.kr/DobongInfoEdu/LecDetail.asp?TopMenu=5&LeftMenu=18&BoardCode=46&OPEN_COURSE_SEQ=3291&Page=7"
"ASP0000120160001835","한글을 활용한 문서 디자인 [온라인수강신청]  → 통합로그인 후 수강신청 가능합니다. ","오프라인","20200627","20201013","20160304","20160325","","36","http://edupia.dobong.go.kr/DobongInfoEdu/LecDetail.asp?TopMenu=2&LeftMenu=2&BoardCode=46&OPEN_COURSE_SEQ=3293&Page=1"
"ASP0000120160001836","전자앨범 만들기 [온라인수강신청]  → 통합로그인 후 수강신청 가능합니다. ","오프라인","20200627","20201013","20160304","20160325","","36","http://edupia.dobong.go.kr/DobongInfoEdu/LecDetail.asp?TopMenu=2&LeftMenu=2&BoardCode=46&OPEN_COURSE_SEQ=3294&Page=1"
"ASP0000120160001837","컴퓨터기초(어르신2개월) [온라인수강신청]  → 통합로그인 후 수강신청 가능합니다. ","오프라인","20200627","20201013","20160304","20160429","","26","http://edupia.dobong.go.kr/DobongInfoEdu/LecDetail.asp?TopMenu=2&LeftMenu=2&BoardCode=46&OPEN_COURSE_SEQ=3295&Page=1"
"ASP0000120160001834","스마트폰 기초 [온라인수강신청]  → 통합로그인 후 수강신청 가능합니다. ","오프라인","20200627","20201013","20160304","20160325","","36","http://edupia.dobong.go.kr/DobongInfoEdu/LecDetail.asp?TopMenu=2&LeftMenu=2&BoardCode=46&OPEN_COURSE_SEQ=3291&Page=1"
"ASP00001J101020170000090","컴퓨터기초(어르신2개월) [온라인수강신청]","오프라인","20200627","20201013","20160304","20160429","","26","http://edupia.dobong.go.kr/DobongInfoEdu/LecDetail.asp?TopMenu=2&LeftMenu=2&BoardCode=46&OPEN_COURSE_SEQ=3295&Page=10"
"ASP00001J101020170000091","전자앨범 만들기 [온라인수강신청]","오프라인","20200627","20201013","20160304","20160325","","36","http://edupia.dobong.go.kr/DobongInfoEdu/LecDetail.asp?TopMenu=2&LeftMenu=2&BoardCode=46&OPEN_COURSE_SEQ=3294&Page=10"
"ASP00001J101020170000081","한글을 활용한 문서 디자인 [온라인수강신청]","오프라인","20200627","20201013","20160304","20160325","","36","http://edupia.dobong.go.kr/DobongInfoEdu/LecDetail.asp?TopMenu=2&LeftMenu=2&BoardCode=46&OPEN_COURSE_SEQ=3293&Page=10"
"ASP00001J101020170000082","스마트폰 기초 [온라인수강신청]","오프라인","20200627","20201013","20160304","20160325","","36","http://edupia.dobong.go.kr/DobongInfoEdu/LecDetail.asp?TopMenu=2&LeftMenu=2&BoardCode=46&OPEN_COURSE_SEQ=3291&Page=10"
"ASP00001J101020170000168","컴퓨터기초(어르신2개월) [온라인수강신청]","오프라인","20200627","20201013","20160304","20160429","","26","http://edupia.dobong.go.kr/DobongInfoEdu/LecDetail.asp?TopMenu=5&LeftMenu=18&BoardCode=46&OPEN_COURSE_SEQ=3295&Page=7"
"ASP00001J101020170000169","전자앨범 만들기 [온라인수강신청]","오프라인","20200627","20201013","20160304","20160325","","36","http://edupia.dobong.go.kr/DobongInfoEdu/LecDetail.asp?TopMenu=5&LeftMenu=18&BoardCode=46&OPEN_COURSE_SEQ=3294&Page=7"
"ASP00001J101020170000170","한글을 활용한 문서 디자인 [온라인수강신청]","오프라인","20200627","20201013","20160304","20160325","","36","http://edupia.dobong.go.kr/DobongInfoEdu/LecDetail.asp?TopMenu=5&LeftMenu=18&BoardCode=46&OPEN_COURSE_SEQ=3293&Page=7"
"ASP00001J101020160000075","컴퓨터기초(어르신2개월) [온라인수강신청]  → 통합로그인 후 수강신청 가능합니다. ","오프라인","20200627","20201013","20160304","20160429","","26","http://edupia.dobong.go.kr/DobongInfoEdu/LecDetail.asp?TopMenu=2&LeftMenu=2&BoardCode=46&OPEN_COURSE_SEQ=3295&Page=1"
"ASP00001J101020160000074","전자앨범 만들기 [온라인수강신청]  → 통합로그인 후 수강신청 가능합니다. ","오프라인","20200627","20201013","20160304","20160325","","36","http://edupia.dobong.go.kr/DobongInfoEdu/LecDetail.asp?TopMenu=2&LeftMenu=2&BoardCode=46&OPEN_COURSE_SEQ=3294&Page=1"
"ASP00001J101020160000021","정보화시대에 필요한 문서작성 [온라인수강신청]  → 통합로그인 후 수강신청 가능합니다. ","오프라인","20200203","20200830","20150707","20150827","","26","http://edupia.dobong.go.kr/lifelongEdu/LecDetail.asp?TopMenu=2&LeftMenu=1&BoardCode=71&OPEN_COURSE_SEQ=3237"
"ASP0000120160000437","스마트폰 자신 있게 쓰기 [온라인수강신청]  → 통합로그인 후 수강신청 가능합니다. ","오프라인","20200203","20200830","20150707","20150827","","26","http://edupia.dobong.go.kr/lifelongEdu/LecDetail.asp?TopMenu=2&LeftMenu=1&BoardCode=71&OPEN_COURSE_SEQ=3236"
"ASP00001J101020160000020","스마트폰 자신 있게 쓰기 [온라인수강신청]  → 통합로그인 후 수강신청 가능합니다. ","오프라인","20200203","20200830","20150707","20150827","","26","http://edupia.dobong.go.kr/lifelongEdu/LecDetail.asp?TopMenu=2&LeftMenu=1&BoardCode=71&OPEN_COURSE_SEQ=3236"
"ASP00001J101020170000096","스마트폰 자신 있게 쓰기 [온라인수강신청]","오프라인","20200203","20200830","20150707","20150827","","26","http://edupia.dobong.go.kr/lifelongEdu/LecDetail.asp?TopMenu=2&LeftMenu=1&BoardCode=71&OPEN_COURSE_SEQ=3236"
"ASP00001J101020170000100","정보화시대에 필요한 문서작성 [온라인수강신청]","오프라인","20200203","20200830","20150707","20150827","","26","http://edupia.dobong.go.kr/lifelongEdu/LecDetail.asp?TopMenu=2&LeftMenu=1&BoardCode=71&OPEN_COURSE_SEQ=3237"
"ASP0000120160000438","정보화시대에 필요한 문서작성 [온라인수강신청]  → 통합로그인 후 수강신청 가능합니다. ","오프라인","20200203","20200830","20150707","20150827","","26","http://edupia.dobong.go.kr/lifelongEdu/LecDetail.asp?TopMenu=2&LeftMenu=1&BoardCode=71&OPEN_COURSE_SEQ=3237"
"ASP0000120160000403","도봉구 평생학습 전문강사 양성과정 [온라인수강신청]  → 통합로그인 후 수강신청 가능합니다. ","오프라인","20200126","20200822","20151007","20151125","","30","http://edupia.dobong.go.kr/lifelongEdu/LecDetail.asp?TopMenu=2&LeftMenu=1&BoardCode=71&OPEN_COURSE_SEQ=3265"
"ASP00001J101020170000092","도봉구 평생학습 전문강사 양성과정 [온라인수강신청]","오프라인","20200126","20200822","20151007","20151125","","30","http://edupia.dobong.go.kr/lifelongEdu/LecDetail.asp?TopMenu=2&LeftMenu=1&BoardCode=71&OPEN_COURSE_SEQ=3265"
"ASP00001J101020160000006","도봉구 평생학습 전문강사 양성과정 [온라인수강신청]  → 통합로그인 후 수강신청 가능합니다. ","오프라인","20200126","20200822","20151007","20151125","","30","http://edupia.dobong.go.kr/lifelongEdu/LecDetail.asp?TopMenu=2&LeftMenu=1&BoardCode=71&OPEN_COURSE_SEQ=3265"
"ASP00001J100420170000037","POP(팝) 영어-중급","오프라인","20200109","20211214","20160407","20160630","","0","http://eduvita.gangseo.seoul.kr/lms/menu.jsp?at_cd=lecture_lecture_viw&mno=2_62&term_seq=1&edu_insti_seq=0&open_course_seq=2612"
"ASP00001J100420170000039","남성요리교실","오프라인","20200109","20211214","20160407","20160630","","0","http://eduvita.gangseo.seoul.kr/lms/menu.jsp?at_cd=lecture_lecture_viw&mno=2_62&term_seq=1&edu_insti_seq=0&open_course_seq=2611"
"ASP00001J100420170000038","POP(팝) 영어-초급","오프라인","20200109","20211214","20160407","20160630","","0","http://eduvita.gangseo.seoul.kr/lms/menu.jsp?at_cd=lecture_lecture_viw&mno=2_62&term_seq=1&edu_insti_seq=0&open_course_seq=2613"
"ASP00001J100420170000040","서예","오프라인","20200109","20211214","20160406","20160629","","0","http://eduvita.gangseo.seoul.kr/lms/menu.jsp?at_cd=lecture_lecture_viw&mno=2_62&term_seq=1&edu_insti_seq=0&open_course_seq=2609"
"ASP00001J100420170000036","원어민영어","오프라인","20200109","20211214","20160405","20160628","","0","http://eduvita.gangseo.seoul.kr/lms/menu.jsp?at_cd=lecture_lecture_viw&mno=2_62&term_seq=1&edu_insti_seq=0&open_course_seq=2607"
"ASP00001J100420170000021","팝과 함께하는 생활영어(중급) 2016. 3분기","오프라인","20200101","20211206","20160707","20160929","","0","http://eduvita.gangseo.seoul.kr/lms/menu.jsp?at_cd=lecture_lecture_viw&mno=2_62&term_seq=1&edu_insti_seq=0&open_course_seq=2663"
"ASP00001J100420170000019","팝과 함께하는 생활영어(초급) 2016.3분기","오프라인","20200101","20211206","20160707","20160929","","0","http://eduvita.gangseo.seoul.kr/lms/menu.jsp?at_cd=lecture_lecture_viw&mno=2_62&term_seq=1&edu_insti_seq=0&open_course_seq=2662"
"ASP00001J100420170000020","남성요리교실(2016.3분기)","오프라인","20200101","20211206","20160707","20160929","","0","http://eduvita.gangseo.seoul.kr/lms/menu.jsp?at_cd=lecture_lecture_viw&mno=2_62&term_seq=1&edu_insti_seq=0&open_course_seq=2665"
"ASP00001J100420170000022","서예(2016. 3분기)","오프라인","20200101","20211206","20160706","20160928","","0","http://eduvita.gangseo.seoul.kr/lms/menu.jsp?at_cd=lecture_lecture_viw&mno=2_62&term_seq=1&edu_insti_seq=0&open_course_seq=2661"
"ASP00001J100420170000018","원어민 영어(2016. 3분기)","오프라인","20200101","20211206","20160705","20160927","","0","http://eduvita.gangseo.seoul.kr/lms/menu.jsp?at_cd=lecture_lecture_viw&mno=2_62&term_seq=1&edu_insti_seq=0&open_course_seq=2660"
"ASP00001J101020170000004","도봉구 평생학습 코디네이터 양성과정 [이메일 접수]","오프라인","20191227","20211205","20131016","20131204","","30","http://edupia.dobong.go.kr/lifelongEdu/LecDetail.asp?TopMenu=2&LeftMenu=1&BoardCode=71&OPEN_COURSE_SEQ=3027"
"ASP00001J101020170000114","도봉생태탐방해설사 양성과정 [온라인수강신청]","오프라인","20191227","20210208","20131001","20131217","","30","http://edupia.dobong.go.kr/lifelongEdu/LecDetail.asp?TopMenu=2&LeftMenu=1&BoardCode=71&OPEN_COURSE_SEQ=3048"
"ASP00001J101020170000085","스마트폰 똑똑하게 사용하기 [온라인수강신청]","오프라인","20190809","20210409","20151103","20151224","","26","http://edupia.dobong.go.kr/lifelongEdu/LecDetail.asp?TopMenu=2&LeftMenu=1&BoardCode=71&OPEN_COURSE_SEQ=3277"
"ASP00001J101020170000026","선물하게 좋은 한지공예 [온라인수강신청]","오프라인","20190706","20211231","20161107","20161128","","13","http://edupia.dobong.go.kr/lifelongEdu/LecDetail.asp?TopMenu=2&LeftMenu=1&BoardCode=71&OPEN_COURSE_SEQ=3409"
"ASP00001J101020170000027","우리 가족을 위한 친환경 천연세제 만들기 [온라인수강신청]","오프라인","20190706","20211231","20161102","20161123","","13","http://edupia.dobong.go.kr/lifelongEdu/LecDetail.asp?TopMenu=2&LeftMenu=1&BoardCode=71&OPEN_COURSE_SEQ=3407"
"ASP00001J100420170000066","제18기 강서 학부모아카데미","오프라인","20190628","20211012","20150325","20150513","","0","http://eduvita.gangseo.seoul.kr/lms/menu.jsp?at_cd=lecture_lecture_viw&mno=2_62&term_seq=1&edu_insti_seq=0&open_course_seq=2356"
"ASP00001J100420160000003","POP(팝) 영어-초급","오프라인","20181214","20200810","20160107","20160331","","0","http://eduvita.gangseo.seoul.kr/lms/menu.jsp?at_cd=lecture_lecture_viw&mno=2_62&term_seq=1&edu_insti_seq=0&open_course_seq=2552"
"ASP00001J100420170000046","POP(팝) 영어-중급","오프라인","20181214","20200810","20160107","20160331","","0","http://eduvita.gangseo.seoul.kr/lms/menu.jsp?at_cd=lecture_lecture_viw&mno=2_62&term_seq=1&edu_insti_seq=0&open_course_seq=2551"
"ASP00001J100420160000004","남성요리교실","오프라인","20181214","20200810","20160107","20160331","","0","http://eduvita.gangseo.seoul.kr/lms/menu.jsp?at_cd=lecture_lecture_viw&mno=2_62&term_seq=1&edu_insti_seq=0&open_course_seq=2554"
"ASP00001J100420160000005","생활과학교실","오프라인","20181214","20200810","20160107","20160331","","0","http://eduvita.gangseo.seoul.kr/lms/menu.jsp?at_cd=lecture_lecture_viw&mno=2_62&term_seq=1&edu_insti_seq=0&open_course_seq=2553"
"ASP00001J100420170000080","POP(팝) 영어-초급","오프라인","20181214","20200810","20160107","20160331","","0","http://eduvita.gangseo.seoul.kr/lms/menu.jsp?at_cd=lecture_lecture_viw&mno=2_62&term_seq=1&edu_insti_seq=0&open_course_seq=2552"
"ASP00001J100420170000079","남성요리교실","오프라인","20181214","20200810","20160107","20160331","","0","http://eduvita.gangseo.seoul.kr/lms/menu.jsp?at_cd=lecture_lecture_viw&mno=2_62&term_seq=1&edu_insti_seq=0&open_course_seq=2554"
"ASP00001J100420160000006","POP(팝) 영어-중급","오프라인","20181214","20200810","20160107","20160331","","0","http://eduvita.gangseo.seoul.kr/lms/menu.jsp?at_cd=lecture_lecture_viw&mno=2_62&term_seq=1&edu_insti_seq=0&open_course_seq=2551"
"ASP00001J100420170000081","서예","오프라인","20181214","20200810","20160106","20160330","","0","http://eduvita.gangseo.seoul.kr/lms/menu.jsp?at_cd=lecture_lecture_viw&mno=2_62&term_seq=1&edu_insti_seq=0&open_course_seq=2550"
"ASP00001J100420160000002","서예","오프라인","20181214","20200810","20160106","20160330","","0","http://eduvita.gangseo.seoul.kr/lms/menu.jsp?at_cd=lecture_lecture_viw&mno=2_62&term_seq=1&edu_insti_seq=0&open_course_seq=2550"
"ASP00001J100420160000007","원어민영어","오프라인","20181214","20200810","20160105","20160329","","0","http://eduvita.gangseo.seoul.kr/lms/menu.jsp?at_cd=lecture_lecture_viw&mno=2_62&term_seq=1&edu_insti_seq=0&open_course_seq=2549"
"ASP00001J100420170000045","원어민영어","오프라인","20181214","20200811","20160105","20160329","","0","http://eduvita.gangseo.seoul.kr/lms/menu.jsp?at_cd=lecture_lecture_viw&mno=2_62&term_seq=1&edu_insti_seq=0&open_course_seq=2549"
"ASP00001J100420170000082","중국어(중급)","오프라인","20181214","20200810","20160104","20160328","","0","http://eduvita.gangseo.seoul.kr/lms/menu.jsp?at_cd=lecture_lecture_viw&mno=2_62&term_seq=1&edu_insti_seq=0&open_course_seq=2548"
"ASP00001J100420160000001","중국어(중급)","오프라인","20181214","20200810","20160104","20160328","","0","http://eduvita.gangseo.seoul.kr/lms/menu.jsp?at_cd=lecture_lecture_viw&mno=2_62&term_seq=1&edu_insti_seq=0&open_course_seq=2548"
"ASP00001J101020170000095","스마트폰 앱 활용하기 [온라인수강신청]","오프라인","20181121","20210518","20150901","20151027","","26","http://edupia.dobong.go.kr/lifelongEdu/LecDetail.asp?TopMenu=2&LeftMenu=1&BoardCode=71&OPEN_COURSE_SEQ=3250"
"ASP00001J101020170000110","직업체험지도사 기본과정 [온라인수강신청]","오프라인","20181103","20210120","20140402","20140625","","25","http://edupia.dobong.go.kr/lifelongEdu/LecDetail.asp?TopMenu=2&LeftMenu=1&BoardCode=71&OPEN_COURSE_SEQ=3104"
"ASP00001J101020130000099","보드게임을 활용한 소통하는 놀이교실 놀이교사 양성과정 [온라인수강신청]   비회원로그인   ","오프라인","20181030","20211112","20130613","20131010","","30","http://edupia.dobong.go.kr/Lecture/LecDetail.asp?TopMenu=5&LeftMenu=0&OPEN_COURSE_SEQ=2036&Page=1"
"ASP00001J101020130000098","도봉구 평생학습 전문강사 양성과정 [온라인수강신청]   비회원로그인   ","오프라인","20181030","20211112","20130607","20130726","","30","http://edupia.dobong.go.kr/Lecture/LecDetail.asp?TopMenu=5&LeftMenu=0&OPEN_COURSE_SEQ=2035&Page=1"
"ASP00001E0727000220190000001","어린이영어  ","오프라인","20181008","20221231","20181101","20221231","","30","http://community.jungnang.go.kr/commnew/app/commnewApp/select.do?id=4195&programId=commnewApp&division=commnew&dong=02&pageIndex=1&menuNo=1600008"
"ASP00001J100420170000104","제15기 강서 학부모아카데미","오프라인","20181006","20210421","20140326","20140514","","0","http://eduvita.gangseo.seoul.kr/lms/menu.jsp?at_cd=lecture_lecture_viw&mno=2_62&term_seq=1&edu_insti_seq=0&open_course_seq=2096"
"ASP00001J101020160000062","색채심리지도사 양성과정 [온라인수강신청]  → 통합로그인 후 수강신청 가능합니다. ","오프라인","20180518","20201112","20160405","20160705","","30","http://edupia.dobong.go.kr/lifelongEdu/LecDetail.asp?TopMenu=2&LeftMenu=1&BoardCode=71&OPEN_COURSE_SEQ=3310"
"ASP0000120160000743","색채심리지도사 양성과정 [온라인수강신청]  → 통합로그인 후 수강신청 가능합니다. ","오프라인","20180518","20201112","20160405","20160705","","30","http://edupia.dobong.go.kr/lifelongEdu/LecDetail.asp?TopMenu=2&LeftMenu=1&BoardCode=71&OPEN_COURSE_SEQ=3310"
"ASP0000120160000840","봄 향기와 함께 떠나는 인문학 여행 [온라인수강신청]  → 통합로그인 후 수강신청 가능합니다. ","오프라인","20180518","20201112","20160401","20160513","","60","http://edupia.dobong.go.kr/lifelongEdu/LecDetail.asp?TopMenu=2&LeftMenu=1&BoardCode=71&OPEN_COURSE_SEQ=3308"
"ASP00001J101020160000064","봄 향기와 함께 떠나는 인문학 여행 [온라인수강신청]  → 통합로그인 후 수강신청 가능합니다. ","오프라인","20180518","20201112","20160401","20160513","","60","http://edupia.dobong.go.kr/lifelongEdu/LecDetail.asp?TopMenu=2&LeftMenu=1&BoardCode=71&OPEN_COURSE_SEQ=3308"
"ASP00001J101020170000102","나도 블로거 [온라인수강신청]","오프라인","20180213","20211223","20150305","20150428","","26","http://edupia.dobong.go.kr/lifelongEdu/LecDetail.asp?TopMenu=2&LeftMenu=1&BoardCode=71&OPEN_COURSE_SEQ=3192"
"ASP00001J100420160000072","팝과 함께하는 생활영어(중급) (16.4분기 학습관 프로그램)","오프라인","20180123","20211128","20161006","20161222","","0","http://eduvita.gangseo.seoul.kr/lms/menu.jsp?at_cd=lecture_lecture_viw&mno=2_62&term_seq=1&edu_insti_seq=0&open_course_seq=2720"
"ASP00001J100420170000003","팝과 함께하는 생활영어(초급) (16.4분기 학습관 프로그램)","오프라인","20180123","20211128","20161006","20161222","","0","http://eduvita.gangseo.seoul.kr/lms/menu.jsp?at_cd=lecture_lecture_viw&mno=2_62&term_seq=1&edu_insti_seq=0&open_course_seq=2721"
"ASP00001J100420170000001","서 예 (16.4분기 학습관 프로그램)","오프라인","20180123","20211128","20161005","20161221","","0","http://eduvita.gangseo.seoul.kr/lms/menu.jsp?at_cd=lecture_lecture_viw&mno=2_62&term_seq=1&edu_insti_seq=0&open_course_seq=2722"
"ASP00001J100420170000002","원어민 영어 (16.4분기 학습관 프로그램)","오프라인","20180123","20211128","20161004","20161220","","0","http://eduvita.gangseo.seoul.kr/lms/menu.jsp?at_cd=lecture_lecture_viw&mno=2_62&term_seq=1&edu_insti_seq=0&open_course_seq=2723"
"ASP00001J100420170000087","서예(4/4분기)","오프라인","20171223","20210411","20141008","20141224","","0","http://eduvita.gangseo.seoul.kr/lms/menu.jsp?at_cd=lecture_lecture_viw&mno=2_62&term_seq=1&edu_insti_seq=0&open_course_seq=2253"
"ASP00001J100420170000086","생활과학교실-초1~4(4/4분기)","오프라인","20171223","20210723","20141002","20141218","","0","http://eduvita.gangseo.seoul.kr/lms/menu.jsp?at_cd=lecture_lecture_viw&mno=2_62&term_seq=1&edu_insti_seq=0&open_course_seq=2250"
"ASP00001J100420170000043","성인 작은 공방 체험교실","오프라인","20171108","20201120","20151222","20160211","","0","http://eduvita.gangseo.seoul.kr/lms/menu.jsp?at_cd=lecture_lecture_viw&mno=2_62&term_seq=1&edu_insti_seq=0&open_course_seq=2544"
"ASP00001J100420160000008","제3기 아두이노&오토마타","오프라인","20171108","20201120","20151222","20160211","","0","http://eduvita.gangseo.seoul.kr/lms/menu.jsp?at_cd=lecture_lecture_viw&mno=2_62&term_seq=1&edu_insti_seq=0&open_course_seq=2546"
"ASP00001J100420170000042","제3기 3D프린터&드론","오프라인","20171108","20201120","20151222","20160211","","0","http://eduvita.gangseo.seoul.kr/lms/menu.jsp?at_cd=lecture_lecture_viw&mno=2_62&term_seq=1&edu_insti_seq=0&open_course_seq=2545"
"ASP00001J100420160000010","제3기 3D프린터&드론","오프라인","20171108","20201120","20151222","20160211","","0","http://eduvita.gangseo.seoul.kr/lms/menu.jsp?at_cd=lecture_lecture_viw&mno=2_62&term_seq=1&edu_insti_seq=0&open_course_seq=2545"
"ASP00001J100420170000044","제3기 아두이노&오토마타","오프라인","20171108","20201120","20151222","20160211","","0","http://eduvita.gangseo.seoul.kr/lms/menu.jsp?at_cd=lecture_lecture_viw&mno=2_62&term_seq=1&edu_insti_seq=0&open_course_seq=2546"
"ASP00001J100420160000009","성인 작은 공방 체험교실","오프라인","20171108","20201120","20151222","20160211","","0","http://eduvita.gangseo.seoul.kr/lms/menu.jsp?at_cd=lecture_lecture_viw&mno=2_62&term_seq=1&edu_insti_seq=0&open_course_seq=2544"
"ASP00001J101020130000085","라인댄스 [전화 및 방문접수]  ","오프라인","20170805","20200818","20130101","20130329","","30","http://edupia.dobong.go.kr/Lecture/LecDetail.asp?TopMenu=5&LeftMenu=0&OPEN_COURSE_SEQ=2002&Page=1"
"ASP00001J101020130000084","한문서예 [전화 및 방문접수]  ","오프라인","20170805","20200818","20130101","20130329","","20","http://edupia.dobong.go.kr/Lecture/LecDetail.asp?TopMenu=5&LeftMenu=0&OPEN_COURSE_SEQ=2001&Page=1"
"ASP00001J101020130000083","탁구교실(수) [전화 및 방문접수]  ","오프라인","20170805","20200818","20130101","20130329","","20","http://edupia.dobong.go.kr/Lecture/LecDetail.asp?TopMenu=5&LeftMenu=0&OPEN_COURSE_SEQ=2000&Page=1"
"ASP00001J101020130000082","탁구교실(월) [전화 및 방문접수]  ","오프라인","20170805","20200818","20130101","20130329","","20","http://edupia.dobong.go.kr/Lecture/LecDetail.asp?TopMenu=5&LeftMenu=0&OPEN_COURSE_SEQ=1999&Page=1"
"ASP00001J101020130000081","밸리댄스 [전화 및 방문접수]  ","오프라인","20170805","20200818","20130101","20130329","","30","http://edupia.dobong.go.kr/Lecture/LecDetail.asp?TopMenu=5&LeftMenu=0&OPEN_COURSE_SEQ=1998&Page=1"
"ASP00001J101020130000080","국학기공 [전화 및 방문접수]  ","오프라인","20170805","20200818","20130101","20130329","","30","http://edupia.dobong.go.kr/Lecture/LecDetail.asp?TopMenu=5&LeftMenu=0&OPEN_COURSE_SEQ=1997&Page=1"
"ASP00001J101020130000079","요가 [전화 및 방문접수]  ","오프라인","20170805","20200818","20130101","20130329","","30","http://edupia.dobong.go.kr/Lecture/LecDetail.asp?TopMenu=5&LeftMenu=0&OPEN_COURSE_SEQ=1996&Page=1"
"ASP00001J101020130000078","어린이 클레이 [전화 및 방문접수]  ","오프라인","20170805","20200818","20130101","20130329","","20","http://edupia.dobong.go.kr/Lecture/LecDetail.asp?TopMenu=5&LeftMenu=0&OPEN_COURSE_SEQ=1995&Page=1"
"ASP00001J101020120001017","영화로 배우는 영어 [전화 및 방문접수]      ","오프라인","20170220","20200912","20120102","20120331","","16","http://edupia.dobong.go.kr/Lecture/LecDetail.asp?TopMenu=5&LeftMenu=0&OPEN_COURSE_SEQ=1695&Page=6"
"ASP00001J101020160000065","색채심리지도사 양성과정(테스트) [온라인수강신청]  → 통합로그인 후 수강신청 가능합니다. ","오프라인","20170103","20201112","20160405","20160705","","30","http://edupia.dobong.go.kr/lifelongEdu/LecDetail.asp?TopMenu=2&LeftMenu=1&BoardCode=71&OPEN_COURSE_SEQ=3309"
"ASP0000120160000841","색채심리지도사 양성과정(테스트) [온라인수강신청]  → 통합로그인 후 수강신청 가능합니다. ","오프라인","20170103","20201112","20160405","20160705","","30","http://edupia.dobong.go.kr/lifelongEdu/LecDetail.asp?TopMenu=2&LeftMenu=1&BoardCode=71&OPEN_COURSE_SEQ=3309"
"ASP00001J100420170000015","성인 작은 공방 체험교실(8월 18일~9월 8일)","오프라인","20161121","20210722","20160818","20160908","","0","http://eduvita.gangseo.seoul.kr/lms/menu.jsp?at_cd=lecture_lecture_viw&mno=2_62&term_seq=1&edu_insti_seq=0&open_course_seq=2680"
"ASP0000120170003061","과학 주머니(00)","오프라인","20160912","20201231","20160912","20201231","","14","http://lms.snue.ac.kr/ilos/st/main/course_ing_non_list_form.acl"
"ASP00001J101020120001106","상상톡톡 창의과학 [온라인수강신청] ","오프라인","20160417","20200912","20120407","20120630","","16","http://edupia.dobong.go.kr/Lecture/LecDetail.asp?TopMenu=5&LeftMenu=0&OPEN_COURSE_SEQ=1847&Page=1"
"ASP00001J101020120001109","드럼A(초급) [온라인수강신청] ","오프라인","20160417","20200912","20120407","20120630","","10","http://edupia.dobong.go.kr/Lecture/LecDetail.asp?TopMenu=5&LeftMenu=0&OPEN_COURSE_SEQ=1844&Page=1"
"ASP00001J101020120001107","블링블링 냅킨아트 [온라인수강신청] ","오프라인","20160417","20200912","20120407","20120630","","20","http://edupia.dobong.go.kr/Lecture/LecDetail.asp?TopMenu=5&LeftMenu=0&OPEN_COURSE_SEQ=1846&Page=1"
"ASP00001J101020120001110","일렉기타 [온라인수강신청] ","오프라인","20160417","20200912","20120407","20120630","","8","http://edupia.dobong.go.kr/Lecture/LecDetail.asp?TopMenu=5&LeftMenu=0&OPEN_COURSE_SEQ=1843&Page=1"
"ASP00001J101020120001108","보컬 트레이닝 [온라인수강신청] ","오프라인","20160417","20200912","20120407","20120630","","8","http://edupia.dobong.go.kr/Lecture/LecDetail.asp?TopMenu=5&LeftMenu=0&OPEN_COURSE_SEQ=1845&Page=1"
"ASP00001J101020120001104","한자급수대비반(중급) [온라인수강신청] ","오프라인","20160417","20200912","20120407","20120630","","20","http://edupia.dobong.go.kr/Lecture/LecDetail.asp?TopMenu=5&LeftMenu=0&OPEN_COURSE_SEQ=1849&Page=1"
"ASP00001J101020120001105","한자급수대비반(초급) [온라인수강신청] ","오프라인","20160417","20200912","20120407","20120630","","20","http://edupia.dobong.go.kr/Lecture/LecDetail.asp?TopMenu=5&LeftMenu=0&OPEN_COURSE_SEQ=1848&Page=1"
"ASP00001J101020120001102","성인드럼A [온라인수강신청] ","오프라인","20160417","20200912","20120405","20120628","","10","http://edupia.dobong.go.kr/Lecture/LecDetail.asp?TopMenu=5&LeftMenu=0&OPEN_COURSE_SEQ=1851&Page=1"
"ASP00001J101020120001103","성인통기타B [온라인수강신청] ","오프라인","20160417","20200912","20120403","20120626","","12","http://edupia.dobong.go.kr/Lecture/LecDetail.asp?TopMenu=5&LeftMenu=0&OPEN_COURSE_SEQ=1850&Page=1"
"ASP0000120160000435","2015 무한상상실 2기-3D모델링&드론반","오프라인","20151218","20200822","20150924","20151112","","0","http://eduvita.gangseo.seoul.kr/lms/menu.jsp?at_cd=lecture_lecture_viw&mno=2_62&term_seq=1&edu_insti_seq=0&open_course_seq=2495"
"ASP00001J100420170000047","2015 무한상상실 2기-3D모델링&드론반","오프라인","20151218","20200822","20150924","20151112","","0","http://eduvita.gangseo.seoul.kr/lms/menu.jsp?at_cd=lecture_lecture_viw&mno=2_62&term_seq=1&edu_insti_seq=0&open_course_seq=2495"
"ASP0000120160000421","2015 무한상상실 2기-3D모델링&드론반","오프라인","20151218","20200822","20150924","20151112","","0","http://eduvita.gangseo.seoul.kr/lms/menu.jsp?at_cd=lecture_lecture_viw&mno=2_62&term_seq=1&edu_insti_seq=0&open_course_seq=2495"
"ASP00001J100420160000012","2015 무한상상실 2기-아두이노&오토마타","오프라인","20151218","20200822","20150922","20151117","","0","http://eduvita.gangseo.seoul.kr/lms/menu.jsp?at_cd=lecture_lecture_viw&mno=2_62&term_seq=1&edu_insti_seq=0&open_course_seq=2494"
"ASP0000120160000420","2015 무한상상실 2기-아두이노&오토마타","오프라인","20151218","20200822","20150922","20151117","","0","http://eduvita.gangseo.seoul.kr/lms/menu.jsp?at_cd=lecture_lecture_viw&mno=2_62&term_seq=1&edu_insti_seq=0&open_course_seq=2494"
"ASP0000120160000434","2015 무한상상실 2기-아두이노&오토마타","오프라인","20151218","20200822","20150922","20151117","","0","http://eduvita.gangseo.seoul.kr/lms/menu.jsp?at_cd=lecture_lecture_viw&mno=2_62&term_seq=1&edu_insti_seq=0&open_course_seq=2494"
"ASP00001J100420170000048","2015 무한상상실 2기-아두이노&오토마타","오프라인","20151218","20200822","20150922","20151117","","0","http://eduvita.gangseo.seoul.kr/lms/menu.jsp?at_cd=lecture_lecture_viw&mno=2_62&term_seq=1&edu_insti_seq=0&open_course_seq=2494"
"ASP0000120160000507","제7기 연세-강서리더스아카데미","오프라인","20150828","20200830","20150326","20150702","","0","http://eduvita.gangseo.seoul.kr/lms/menu.jsp?at_cd=lecture_lecture_viw&mno=2_62&term_seq=1&edu_insti_seq=0&open_course_seq=2348"
"ASP00001J100420170000067","제7기 연세-강서리더스아카데미","오프라인","20150828","20200830","20150326","20150702","","0","http://eduvita.gangseo.seoul.kr/lms/menu.jsp?at_cd=lecture_lecture_viw&mno=2_62&term_seq=1&edu_insti_seq=0&open_course_seq=2348"
"ASP0000120160000499","제7기 연세-강서리더스아카데미","오프라인","20150828","20200830","20150326","20150702","","0","http://eduvita.gangseo.seoul.kr/lms/menu.jsp?at_cd=lecture_lecture_viw&mno=2_62&term_seq=1&edu_insti_seq=0&open_course_seq=2348"
"ASP00001J100420160000062","제7기 연세-강서리더스아카데미","오프라인","20150828","20200830","20150326","20150702","","0","http://eduvita.gangseo.seoul.kr/lms/menu.jsp?at_cd=lecture_lecture_viw&mno=2_62&term_seq=1&edu_insti_seq=0&open_course_seq=2348"
"ASP00001J101020120001113","통사와 함꼐하는 역사논술 [외부링크]      ","오프라인","20150622","20200912","20120401","20120630","","20","http://edupia.dobong.go.kr/Lecture/LecDetail.asp?TopMenu=5&LeftMenu=0&OPEN_COURSE_SEQ=1890&Page=1"
"ASP00001J101020120001112","캐릭터 일러스트 1 [외부링크]      ","오프라인","20150622","20200912","20120401","20120630","","20","http://edupia.dobong.go.kr/Lecture/LecDetail.asp?TopMenu=5&LeftMenu=0&OPEN_COURSE_SEQ=1891&Page=1"
"ASP00001J101020120001111","(쉬운) 키즈 타임지 독해반 [외부링크]      ","오프라인","20150622","20200912","20120401","20120630","","16","http://edupia.dobong.go.kr/Lecture/LecDetail.asp?TopMenu=5&LeftMenu=0&OPEN_COURSE_SEQ=1892&Page=1"
"ASP00001J101020120001187","캐릭터 일러스트 1 [외부링크]      ","오프라인","20150622","20200912","20120401","20120630","","20","http://edupia.dobong.go.kr/Lecture/LecDetail.asp?TopMenu=5&LeftMenu=0&OPEN_COURSE_SEQ=1891&Page=5"
"ASP00001J101020120001224","통사와 함께하는 역사논술 [외부링크]      ","오프라인","20150614","20200904","20120702","20120930","","20","http://edupia.dobong.go.kr/Lecture/LecDetail.asp?TopMenu=5&LeftMenu=0&OPEN_COURSE_SEQ=1890&Page=4"
"ASP00001J101020120001186","(쉬운) 키즈 타임지 독해반 [외부링크]      ","오프라인","20150614","20200904","20120702","20120930","","16","http://edupia.dobong.go.kr/Lecture/LecDetail.asp?TopMenu=5&LeftMenu=0&OPEN_COURSE_SEQ=1892&Page=5"
"ASP00001J101020120001143","통사와 함께하는 역사논술 [외부링크]      ","오프라인","20150614","20200904","20120702","20120930","","20","http://edupia.dobong.go.kr/Lecture/LecDetail.asp?TopMenu=5&LeftMenu=0&OPEN_COURSE_SEQ=1890&Page=5"
"ASP00001J101020120001208","창작미술 [전화 및 방문접수]      ","오프라인","20141126","20200904","20120707","20120922","","20","http://edupia.dobong.go.kr/Lecture/LecDetail.asp?TopMenu=5&LeftMenu=0&OPEN_COURSE_SEQ=1918&Page=4"
"ASP00001J101020120001165","통기타 [전화 및 방문접수]      ","오프라인","20141126","20200904","20120707","20120922","","12","http://edupia.dobong.go.kr/Lecture/LecDetail.asp?TopMenu=5&LeftMenu=0&OPEN_COURSE_SEQ=1932&Page=2"
"ASP00001J101020120001167","드럼 [온라인수강신청] ","오프라인","20141126","20200904","20120707","20120922","","10","http://edupia.dobong.go.kr/Lecture/LecDetail.asp?TopMenu=5&LeftMenu=0&OPEN_COURSE_SEQ=1930&Page=3"
"ASP00001J101020120001129","드럼 [온라인수강신청] ","오프라인","20141126","20200904","20120707","20120922","","10","http://edupia.dobong.go.kr/Lecture/LecDetail.asp?TopMenu=5&LeftMenu=0&OPEN_COURSE_SEQ=1930&Page=1"
"ASP00001J101020120001168","보컬 트레이닝 [온라인수강신청] ","오프라인","20141126","20200904","20120707","20120922","","8","http://edupia.dobong.go.kr/Lecture/LecDetail.asp?TopMenu=5&LeftMenu=0&OPEN_COURSE_SEQ=1929&Page=3"
"ASP00001J101020120001124","MSL스피치 [전화 및 방문접수]      ","오프라인","20141126","20200904","20120707","20120922","","15","http://edupia.dobong.go.kr/Lecture/LecDetail.asp?TopMenu=5&LeftMenu=0&OPEN_COURSE_SEQ=1937&Page=1"
"ASP00001J101020120001171","유행&방송댄스 [전화 및 방문접수]      ","오프라인","20141126","20200904","20120707","20120922","","17","http://edupia.dobong.go.kr/Lecture/LecDetail.asp?TopMenu=5&LeftMenu=0&OPEN_COURSE_SEQ=1923&Page=3"
"ASP00001J101020120001135","동화구연 [전화 및 방문접수]      ","오프라인","20141126","20200904","20120707","20120922","","12","http://edupia.dobong.go.kr/Lecture/LecDetail.asp?TopMenu=5&LeftMenu=0&OPEN_COURSE_SEQ=1920&Page=2"
"ASP00001J101020120001172","토요바둑 [전화 및 방문접수]      ","오프라인","20141126","20200904","20120707","20120922","","16","http://edupia.dobong.go.kr/Lecture/LecDetail.asp?TopMenu=5&LeftMenu=0&OPEN_COURSE_SEQ=1922&Page=3"
"ASP00001J101020120001173","한자급수대비반 [온라인수강신청] ","오프라인","20141126","20200904","20120707","20120922","","20","http://edupia.dobong.go.kr/Lecture/LecDetail.asp?TopMenu=5&LeftMenu=0&OPEN_COURSE_SEQ=1921&Page=3"
"ASP00001J101020120001174","동화구연 [전화 및 방문접수]      ","오프라인","20141126","20200904","20120707","20120922","","12","http://edupia.dobong.go.kr/Lecture/LecDetail.asp?TopMenu=5&LeftMenu=0&OPEN_COURSE_SEQ=1920&Page=3"
"ASP00001J101020120001170","키즈벨리댄스 [전화 및 방문접수]      ","오프라인","20141126","20200904","20120707","20120922","","17","http://edupia.dobong.go.kr/Lecture/LecDetail.asp?TopMenu=5&LeftMenu=0&OPEN_COURSE_SEQ=1924&Page=3"
"ASP00001J101020120001137","창작미술 [전화 및 방문접수]      ","오프라인","20141126","20200904","20120707","20120922","","20","http://edupia.dobong.go.kr/Lecture/LecDetail.asp?TopMenu=5&LeftMenu=0&OPEN_COURSE_SEQ=1918&Page=3"
"ASP00001J101020120001132","유행&방송댄스 [전화 및 방문접수]      ","오프라인","20141126","20200904","20120707","20120922","","17","http://edupia.dobong.go.kr/Lecture/LecDetail.asp?TopMenu=5&LeftMenu=0&OPEN_COURSE_SEQ=1923&Page=2"
"ASP00001J101020120001162","MSL스피치 [전화 및 방문접수]      ","오프라인","20141126","20200904","20120707","20120922","","15","http://edupia.dobong.go.kr/Lecture/LecDetail.asp?TopMenu=5&LeftMenu=0&OPEN_COURSE_SEQ=1937&Page=2"
"ASP00001J101020120001134","한자급수대비반 [온라인수강신청] ","오프라인","20141126","20200904","20120707","20120922","","20","http://edupia.dobong.go.kr/Lecture/LecDetail.asp?TopMenu=5&LeftMenu=0&OPEN_COURSE_SEQ=1921&Page=2"
"ASP00001J101020120001133","토요바둑 [전화 및 방문접수]      ","오프라인","20141126","20200904","20120707","20120922","","16","http://edupia.dobong.go.kr/Lecture/LecDetail.asp?TopMenu=5&LeftMenu=0&OPEN_COURSE_SEQ=1922&Page=2"
"ASP00001J101020120001185","경기민요 [전화 및 방문접수]      ","오프라인","20141126","20200904","20120706","20120928","","25","http://edupia.dobong.go.kr/Lecture/LecDetail.asp?TopMenu=5&LeftMenu=0&OPEN_COURSE_SEQ=1906&Page=5"
"ASP00001J101020120001119","경기민요 [전화 및 방문접수]      ","오프라인","20141126","20200904","20120706","20120928","","25","http://edupia.dobong.go.kr/Lecture/LecDetail.asp?TopMenu=5&LeftMenu=0&OPEN_COURSE_SEQ=1906&Page=1"
"ASP00001J101020120001125","EBS수리셈 [전화 및 방문접수]      ","오프라인","20141126","20200904","20120706","20120928","","15","http://edupia.dobong.go.kr/Lecture/LecDetail.asp?TopMenu=5&LeftMenu=0&OPEN_COURSE_SEQ=1936&Page=1"
"ASP00001J101020120001163","EBS수리셈 [전화 및 방문접수]      ","오프라인","20141126","20200904","20120706","20120928","","15","http://edupia.dobong.go.kr/Lecture/LecDetail.asp?TopMenu=5&LeftMenu=0&OPEN_COURSE_SEQ=1936&Page=2"
"ASP00001J101020120001175","창의가베 [전화 및 방문접수]      ","오프라인","20141126","20200904","20120705","20120927","","15","http://edupia.dobong.go.kr/Lecture/LecDetail.asp?TopMenu=5&LeftMenu=0&OPEN_COURSE_SEQ=1919&Page=3"
"ASP00001J101020120001136","창의가베 [전화 및 방문접수]      ","오프라인","20141126","20200904","20120705","20120927","","15","http://edupia.dobong.go.kr/Lecture/LecDetail.asp?TopMenu=5&LeftMenu=0&OPEN_COURSE_SEQ=1919&Page=2"
"ASP00001J101020120001166","목요 통기타 [전화 및 방문접수]      ","오프라인","20141126","20200904","20120705","20120927","","12","http://edupia.dobong.go.kr/Lecture/LecDetail.asp?TopMenu=5&LeftMenu=0&OPEN_COURSE_SEQ=1931&Page=2"
"ASP00001J101020120001128","목요 통기타 [전화 및 방문접수]      ","오프라인","20141126","20200904","20120705","20120927","","12","http://edupia.dobong.go.kr/Lecture/LecDetail.asp?TopMenu=5&LeftMenu=0&OPEN_COURSE_SEQ=1931&Page=1"
"ASP00001J101020120001127","바이올린 심화 [전화 및 방문접수]      ","오프라인","20141126","20200904","20120704","20120727","","12","http://edupia.dobong.go.kr/Lecture/LecDetail.asp?TopMenu=5&LeftMenu=0&OPEN_COURSE_SEQ=1933&Page=1"
"ASP00001J101020120001138","아동발레 [전화 및 방문접수]      ","오프라인","20141126","20200904","20120704","20120928","","20","http://edupia.dobong.go.kr/Lecture/LecDetail.asp?TopMenu=5&LeftMenu=0&OPEN_COURSE_SEQ=1917&Page=3"
"ASP00001J101020120001126","바이올린 기초 [전화 및 방문접수]      ","오프라인","20141126","20200904","20120704","20120928","","12","http://edupia.dobong.go.kr/Lecture/LecDetail.asp?TopMenu=5&LeftMenu=0&OPEN_COURSE_SEQ=1934&Page=1"
"ASP00001J101020120001176","아동발레 [전화 및 방문접수]      ","오프라인","20141126","20200904","20120704","20120928","","20","http://edupia.dobong.go.kr/Lecture/LecDetail.asp?TopMenu=5&LeftMenu=0&OPEN_COURSE_SEQ=1917&Page=4"
"ASP00001J101020120001118","예쁜손글씨POP자격증대비반(성인) [전화 및 방문접수]      ","오프라인","20141126","20200904","20120704","20120926","","20","http://edupia.dobong.go.kr/Lecture/LecDetail.asp?TopMenu=5&LeftMenu=0&OPEN_COURSE_SEQ=1907&Page=1"
"ASP00001J101020120001180","요가B [전화 및 방문접수]      ","오프라인","20141126","20200904","20120704","20120928","","25","http://edupia.dobong.go.kr/Lecture/LecDetail.asp?TopMenu=5&LeftMenu=0&OPEN_COURSE_SEQ=1913&Page=4"
"ASP00001J101020120001182","성인드럼 [온라인수강신청] ","오프라인","20141126","20200904","20120704","20120926","","10","http://edupia.dobong.go.kr/Lecture/LecDetail.asp?TopMenu=5&LeftMenu=0&OPEN_COURSE_SEQ=1910&Page=4"
"ASP00001J101020120001130","초등재미미술 [전화 및 방문접수]      ","오프라인","20141126","20200904","20120704","20120926","","20","http://edupia.dobong.go.kr/Lecture/LecDetail.asp?TopMenu=5&LeftMenu=0&OPEN_COURSE_SEQ=1928&Page=2"
"ASP00001J101020120001209","예쁜손글씨POP자격증대비반(성인) [전화 및 방문접수]      ","오프라인","20141126","20200904","20120704","20120926","","20","http://edupia.dobong.go.kr/Lecture/LecDetail.asp?TopMenu=5&LeftMenu=0&OPEN_COURSE_SEQ=1907&Page=5"
"ASP00001J101020120001164","바이올린 심화 [전화 및 방문접수]      ","오프라인","20141126","20200904","20120704","20120727","","12","http://edupia.dobong.go.kr/Lecture/LecDetail.asp?TopMenu=5&LeftMenu=0&OPEN_COURSE_SEQ=1933&Page=2"
"ASP00001J101020120001169","초등재미미술 [전화 및 방문접수]      ","오프라인","20141126","20200904","20120704","20120926","","20","http://edupia.dobong.go.kr/Lecture/LecDetail.asp?TopMenu=5&LeftMenu=0&OPEN_COURSE_SEQ=1928&Page=3"
"ASP00001J101020120001117","성인드럼 [온라인수강신청] ","오프라인","20141126","20200904","20120704","20120926","","10","http://edupia.dobong.go.kr/Lecture/LecDetail.asp?TopMenu=5&LeftMenu=0&OPEN_COURSE_SEQ=1910&Page=1"
"ASP00001J101020120001184","다이어트벨리댄스 [전화 및 방문접수]      ","오프라인","20141126","20200904","20120704","20120928","","15","http://edupia.dobong.go.kr/Lecture/LecDetail.asp?TopMenu=5&LeftMenu=0&OPEN_COURSE_SEQ=1908&Page=4"
"ASP00001J101020120001116","성인통기타A [전화 및 방문접수]      ","오프라인","20141126","20200904","20120703","20120925","","12","http://edupia.dobong.go.kr/Lecture/LecDetail.asp?TopMenu=5&LeftMenu=0&OPEN_COURSE_SEQ=1912&Page=1"
"ASP00001J101020120001183","성인벨리댄스 [전화 및 방문접수]      ","오프라인","20141126","20200904","20120703","20120927","","15","http://edupia.dobong.go.kr/Lecture/LecDetail.asp?TopMenu=5&LeftMenu=0&OPEN_COURSE_SEQ=1909&Page=4"
"ASP00001J101020120001181","성인통기타 [온라인수강신청] ","오프라인","20141126","20200904","20120703","20120925","","12","http://edupia.dobong.go.kr/Lecture/LecDetail.asp?TopMenu=5&LeftMenu=0&OPEN_COURSE_SEQ=1911&Page=4"
"ASP00001J101020120001177","아동벨리댄스 [전화 및 방문접수]      ","오프라인","20141126","20200904","20120703","20120927","","20","http://edupia.dobong.go.kr/Lecture/LecDetail.asp?TopMenu=5&LeftMenu=0&OPEN_COURSE_SEQ=1916&Page=4"
"ASP00001J101020120001131","발레A(초급) [전화 및 방문접수]      ","오프라인","20141126","20200904","20120703","20120927","","15","http://edupia.dobong.go.kr/Lecture/LecDetail.asp?TopMenu=5&LeftMenu=0&OPEN_COURSE_SEQ=1926&Page=2"
"ASP00001J101020120001139","오감발달 꼬마요리사 [전화 및 방문접수]      ","오프라인","20141126","20200904","20120703","20120925","","15","http://edupia.dobong.go.kr/Lecture/LecDetail.asp?TopMenu=5&LeftMenu=0&OPEN_COURSE_SEQ=1915&Page=3"
"ASP00001J101020120001178","오감발달 꼬마요리사 [전화 및 방문접수]      ","오프라인","20141126","20200904","20120703","20120925","","15","http://edupia.dobong.go.kr/Lecture/LecDetail.asp?TopMenu=5&LeftMenu=0&OPEN_COURSE_SEQ=1915&Page=4"
"ASP00001J101020120001179","요가A [전화 및 방문접수]      ","오프라인","20141126","20200904","20120703","20120928","","25","http://edupia.dobong.go.kr/Lecture/LecDetail.asp?TopMenu=5&LeftMenu=0&OPEN_COURSE_SEQ=1914&Page=4"
"ASP00001J101020120001161","초등벨리댄스 [전화 및 방문접수]      ","오프라인","20141126","20200904","20120703","20120927","","20","http://edupia.dobong.go.kr/Lecture/LecDetail.asp?TopMenu=5&LeftMenu=0&OPEN_COURSE_SEQ=1938&Page=2"
"ASP00001J101020120001140","성인통기타 [온라인수강신청] ","오프라인","20141126","20200904","20120703","20120925","","12","http://edupia.dobong.go.kr/Lecture/LecDetail.asp?TopMenu=5&LeftMenu=0&OPEN_COURSE_SEQ=1911&Page=3"
"ASP00001I120420120000927","노래교실","오프라인","20121224","21021231","20130101","20130331","","0","http://jachi.mapo.go.kr/JUMIN/sub03/sub03_01_view.aspx?LectureCode=1521"
"ASP0000120120002393","노래교실","오프라인","20121224","21021231","20130101","20130331","","0","http://jachi.mapo.go.kr/JUMIN/sub03/sub03_01_view.aspx?LectureCode=1521"
"ASP00001J101020120000982","결혼이민자를 위한 한국어교실_초급반 [온라인수강신청] ","오프라인","20120727","20210614","20120207","20121206","","20","http://edupia.dobong.go.kr/Lecture/LecDetail.asp?TopMenu=5&LeftMenu=0&OPEN_COURSE_SEQ=1692&Page=1"
"ASP00001J101020120001018","결혼이민자를 위한 한국어교실_고급반 [전화 및 방문접수]      ","오프라인","20120727","20210614","20120206","20121210","","20","http://edupia.dobong.go.kr/Lecture/LecDetail.asp?TopMenu=5&LeftMenu=0&OPEN_COURSE_SEQ=1535&Page=16"
"ASP00001J101020120000981","결혼이민자를 위한 한국어교실_실천반 [전화 및 방문접수]      ","오프라인","20120727","20210614","20120206","20121210","","20","http://edupia.dobong.go.kr/Lecture/LecDetail.asp?TopMenu=5&LeftMenu=0&OPEN_COURSE_SEQ=1693&Page=1"
"ASP00001J101020120000980","외국인근로자 한국어교실 [전화 및 방문접수]      ","오프라인","20120727","20210614","20120108","20120527","","20","http://edupia.dobong.go.kr/Lecture/LecDetail.asp?TopMenu=5&LeftMenu=0&OPEN_COURSE_SEQ=1694&Page=1"
"ASP00001J101020120001044","통기타 (토) [전화 및 방문접수]      ","오프라인","20120727","20210306","20120102","20121230","","10","http://edupia.dobong.go.kr/Lecture/LecDetail.asp?TopMenu=5&LeftMenu=0&OPEN_COURSE_SEQ=1760&Page=2"
"ASP00001J101020120001045","플룻 (토) [전화 및 방문접수]      ","오프라인","20120727","20210306","20120102","20121230","","8","http://edupia.dobong.go.kr/Lecture/LecDetail.asp?TopMenu=5&LeftMenu=0&OPEN_COURSE_SEQ=1759&Page=2"
"ASP00001J101020120000991","아동영어 고급 [전화 및 방문접수]      ","오프라인","20120727","20210614","20120102","20121231","","12","http://edupia.dobong.go.kr/Lecture/LecDetail.asp?TopMenu=5&LeftMenu=0&OPEN_COURSE_SEQ=1717&Page=1"
"ASP00001J101020120001046","TQS 생명과학 (토) [전화 및 방문접수]      ","오프라인","20120727","20210306","20120102","20121230","","15","http://edupia.dobong.go.kr/Lecture/LecDetail.asp?TopMenu=5&LeftMenu=0&OPEN_COURSE_SEQ=1758&Page=2"
"ASP00001J101020120001031","독서논술 (토) [전화 및 방문접수]      ","오프라인","20120727","20210306","20120102","20121230","","10","http://edupia.dobong.go.kr/Lecture/LecDetail.asp?TopMenu=5&LeftMenu=0&OPEN_COURSE_SEQ=1773&Page=1"
"ASP00001J101020120000984","한자교실 [전화 및 방문접수]      ","오프라인","20120727","20200912","20120102","20120331","","30","http://edupia.dobong.go.kr/Lecture/LecDetail.asp?TopMenu=5&LeftMenu=0&OPEN_COURSE_SEQ=1703&Page=1"
"ASP00001J101020120001032","풍물 (놀토) [전화 및 방문접수]      ","오프라인","20120727","20210306","20120102","20121230","","15","http://edupia.dobong.go.kr/Lecture/LecDetail.asp?TopMenu=5&LeftMenu=0&OPEN_COURSE_SEQ=1772&Page=1"
"ASP00001J101020120001033","키즈밸리 (토) [전화 및 방문접수]      ","오프라인","20120727","20210306","20120102","20121230","","20","http://edupia.dobong.go.kr/Lecture/LecDetail.asp?TopMenu=5&LeftMenu=0&OPEN_COURSE_SEQ=1771&Page=1"
"ASP00001J101020120001034","웅변과 리더십 (일) [전화 및 방문접수]      ","오프라인","20120727","20210306","20120102","20121230","","15","http://edupia.dobong.go.kr/Lecture/LecDetail.asp?TopMenu=5&LeftMenu=0&OPEN_COURSE_SEQ=1770&Page=1"
"ASP00001J101020120000992","아동영어 초급 [전화 및 방문접수]      ","오프라인","20120727","20210614","20120102","20121231","","12","http://edupia.dobong.go.kr/Lecture/LecDetail.asp?TopMenu=5&LeftMenu=0&OPEN_COURSE_SEQ=1716&Page=1"
"ASP00001J101020120001039","화요드럼 (화) [전화 및 방문접수]      ","오프라인","20120727","20210306","20120102","20121230","","4","http://edupia.dobong.go.kr/Lecture/LecDetail.asp?TopMenu=5&LeftMenu=0&OPEN_COURSE_SEQ=1765&Page=1"
"ASP00001J101020120001040","성인드럼 (화) [전화 및 방문접수]      ","오프라인","20120727","20210306","20120102","20121230","","16","http://edupia.dobong.go.kr/Lecture/LecDetail.asp?TopMenu=5&LeftMenu=0&OPEN_COURSE_SEQ=1764&Page=1"
"ASP00001J101020120001041","뎃생 (토) [전화 및 방문접수]      ","오프라인","20120727","20210306","20120102","20121230","","40","http://edupia.dobong.go.kr/Lecture/LecDetail.asp?TopMenu=5&LeftMenu=0&OPEN_COURSE_SEQ=1763&Page=2"
"ASP00001J101020120001042","토요드럼 (토) [전화 및 방문접수]      ","오프라인","20120727","20210306","20120102","20121230","","20","http://edupia.dobong.go.kr/Lecture/LecDetail.asp?TopMenu=5&LeftMenu=0&OPEN_COURSE_SEQ=1762&Page=2"
"ASP00001J101020120001043","성인드럼 (수) [전화 및 방문접수]      ","오프라인","20120727","20210306","20120102","20121230","","8","http://edupia.dobong.go.kr/Lecture/LecDetail.asp?TopMenu=5&LeftMenu=0&OPEN_COURSE_SEQ=1761&Page=2"
"ASP00001J101020120001037","쿠키만들기 (놀토) [전화 및 방문접수]      ","오프라인","20120727","20210306","20120102","20121230","","15","http://edupia.dobong.go.kr/Lecture/LecDetail.asp?TopMenu=5&LeftMenu=0&OPEN_COURSE_SEQ=1767&Page=1"
"ASP00001J101020120000993","아동영어 기초 [전화 및 방문접수]      ","오프라인","20120727","20210614","20120102","20121231","","12","http://edupia.dobong.go.kr/Lecture/LecDetail.asp?TopMenu=5&LeftMenu=0&OPEN_COURSE_SEQ=1715&Page=1"
"ASP00001J101020120001038","놀토드럼 (놀토) [전화 및 방문접수]      ","오프라인","20120727","20210306","20120102","20121230","","12","http://edupia.dobong.go.kr/Lecture/LecDetail.asp?TopMenu=5&LeftMenu=0&OPEN_COURSE_SEQ=1766&Page=1"
"ASP00001J101020120001035","키즈밸리 (수금) [전화 및 방문접수]      ","오프라인","20120727","20210306","20120102","20121230","","15","http://edupia.dobong.go.kr/Lecture/LecDetail.asp?TopMenu=5&LeftMenu=0&OPEN_COURSE_SEQ=1769&Page=1"
"ASP00001J101020120000994","아동파티쉐 [전화 및 방문접수]      ","오프라인","20120727","20210614","20120102","20121231","","25","http://edupia.dobong.go.kr/Lecture/LecDetail.asp?TopMenu=5&LeftMenu=0&OPEN_COURSE_SEQ=1714&Page=1"
"ASP00001J101020120000986","피아노E [전화 및 방문접수]      ","오프라인","20120727","20210614","20120102","20121231","","12","http://edupia.dobong.go.kr/Lecture/LecDetail.asp?TopMenu=5&LeftMenu=0&OPEN_COURSE_SEQ=1713&Page=1"
"ASP00001J101020120001036","주산식암산 (일) [전화 및 방문접수]      ","오프라인","20120727","20210306","20120102","20121230","","15","http://edupia.dobong.go.kr/Lecture/LecDetail.asp?TopMenu=5&LeftMenu=0&OPEN_COURSE_SEQ=1768&Page=1"
"ASP00001J101020120001019","결혼이민자를 위한 한국어교실_중급반 [전화 및 방문접수]      ","오프라인","20120418","20210614","20120207","20121206","","20","http://edupia.dobong.go.kr/Lecture/LecDetail.asp?TopMenu=5&LeftMenu=0&OPEN_COURSE_SEQ=1534&Page=16"
"ASP00001J101020120000995","한글대학(중급) [전화 및 방문접수]      ","오프라인","20120418","20210614","20120101","20121231","","20","http://edupia.dobong.go.kr/Lecture/LecDetail.asp?TopMenu=5&LeftMenu=0&OPEN_COURSE_SEQ=1722&Page=1"
"ASP00001I125420120000016","  풍물교실","오프라인","20111219","25001231","20110101","20111231","","20","http://sd.go.kr/main/dong.do?mCode=12A050010000&op=lectureView&l_sid=284&state=접수중"