분류,공연/행사명,날짜/시간,장소,기관명,이용대상,이용요금,출연자정보,프로그램소개,기타내용,홈페이지?주소,대표이미지,신청일,시민/기관,시작일,종료일,테마분류
연극,[제19회 의정부음악극축제] 음악으로 보는 디즈니,2020-08-14~2020-08-14,의정부아트캠프 블랙,의정부예술의전당,전체관람가,희망티켓(1000원~10000원),,,,http://www.uac.or.kr/newuac/performance/performance_01D.php?PFM_CODE=202008040955418,http://culture.seoul.go.krhttp://www.uac.or.kr/upfiles/PERFORMANCE/202008040955418_20200804095541.jpg,2020-08-05,,00:00.0,00:00.0,기타
연극,[제19회 의정부음악극축제] 광대가[廣大歌] 리골레토,2020-08-15~2020-08-16,의정부예술의전당 소극장,의정부예술의전당,8세 이상,전석 15000원,,,,http://www.uac.or.kr/newuac/performance/performance_01D.php?PFM_CODE=202007251643120,http://culture.seoul.go.krhttp://www.uac.or.kr/upfiles/PERFORMANCE/202007251643120_20200728110453.jpg,2020-08-05,,00:00.0,00:00.0,기타
연극,[제19회 의정부음악극축제] CARMEN 음악극카르멘,2020-08-15~2020-08-16,의정부예술의전당 대극장,의정부예술의전당,14세 이상,전석 20000원,,,,http://www.uac.or.kr/newuac/performance/performance_01D.php?PFM_CODE=202007251651581,http://culture.seoul.go.krhttp://www.uac.or.kr/upfiles/PERFORMANCE/202007251651581_20200728113812.jpg,2020-08-05,,00:00.0,00:00.0,기타
콘서트,[제19회 의정부음악극축제] 이희문&프렐류드&놈놈&잠비나이&VOMLab,2020-08-13~2020-08-13,의정부예술의전당 대극장,의정부예술의전당,8세 이상,전석 20000원,,,,http://www.uac.or.kr/newuac/performance/performance_01D.php?PFM_CODE=202007251654541,http://culture.seoul.go.krhttp://www.uac.or.kr/upfiles/PERFORMANCE/202007251654541_20200728110514.jpg,2020-08-05,,00:00.0,00:00.0,기타
콘서트,[제19회 의정부음악극축제] 두들팝 Doodle POP,2020-08-12~2020-08-13,의정부예술의전당 소극장,의정부예술의전당,36개월 이상,전석 10000원,,,,http://www.uac.or.kr/newuac/performance/performance_01D.php?PFM_CODE=202007251647505,http://culture.seoul.go.krhttp://www.uac.or.kr/upfiles/PERFORMANCE/202007251647505_20200728110752.jpg,2020-08-05,,00:00.0,00:00.0,기타
연극,[제19회 의정부음악극축제] 도공지몽 : 도자기의 비밀,2020-08-12~2020-08-12,의정부아트캠프 블랙,의정부예술의전당,6세 이상,전석 10000,,,,http://www.uac.or.kr/newuac/performance/performance_01D.php?PFM_CODE=202007251645225,http://culture.seoul.go.krhttp://www.uac.or.kr/upfiles/PERFORMANCE/202007251645225_20200728110525.jpg,2020-08-05,,00:00.0,00:00.0,기타
연극,[제19회 의정부음악극축제] 디시밴드 어쩌다 카니발,2020-08-10~2020-08-10,의정부예술의전당 대극장,의정부예술의전당,8세 이상,전석 20000원,,,,http://www.uac.or.kr/newuac/performance/performance_01D.php?PFM_CODE=202008040945480,http://culture.seoul.go.krhttp://www.uac.or.kr/upfiles/PERFORMANCE/202008040945480_20200804094548.jpg,2020-08-05,,00:00.0,00:00.0,기타
연극,[제19회 의정부음악극축제] 수상한 광대들,2020-08-09~2020-08-09,의정부아트캠프 블랙,의정부예술의전당,8세 이상,희망티켓(1000원~10000원),,,,http://www.uac.or.kr/newuac/performance/performance_01D.php?PFM_CODE=202008040951023,http://culture.seoul.go.krhttp://www.uac.or.kr/upfiles/PERFORMANCE/202008040951023_20200804095102.jpg,2020-08-05,,00:00.0,00:00.0,기타
연극,[제19회 의정부음악극축제] 게임회사 중창단,2020-08-08~2020-08-09,의정부예술의전당 소극장,의정부예술의전당,8세 이상,전석 20000원,,,,http://www.uac.or.kr/newuac/performance/performance_01D.php?PFM_CODE=202007251650027,http://culture.seoul.go.krhttp://www.uac.or.kr/upfiles/PERFORMANCE/202007251650027_20200728110759.jpg,2020-08-05,,00:00.0,00:00.0,기타
연극,[제19회 의정부음악극축제] 멜리에스 일루션 : 달에도착,2020-08-07~2020-08-08,의정부예술의전당 대극장,의정부예술의전당,8세 이상,전석 30000원,,,,http://www.uac.or.kr/newuac/performance/performance_01D.php?PFM_CODE=202007251640516,http://culture.seoul.go.krhttp://www.uac.or.kr/upfiles/PERFORMANCE/202007251640516_20200728110806.jpg,2020-08-05,,00:00.0,00:00.0,기타
연극,나는 꽃이 싫다(유튜브 생중계),2020-08-26~2020-08-26,앙상블시어터,성남아트센터,성남문화재단 유튜브 생중계 무료관람,성남문화재단 유튜브 생중계 무료관람,,,,https://www.snart.or.kr/web/show/view/?MENUMST_ID=21434&amp;type=year&amp;show_type=perform&amp;SNA_SHOW_IDX=6247,http://culture.seoul.go.krhttps://www.snart.or.kr/upload/image/20200728/8D41F989F9D74927A9BF66043AEFF14E.jpg,2020-08-05,,00:00.0,00:00.0,기타
콘서트,너에게 들려주고 싶은 클래식 이야기 - 너클리6 낭만살롱,2020-08-23~2020-08-23,콘서트홀,성남아트센터,8세 이상 관람가,R석 3만원 S석 2만원 A석 1만원,,,,https://www.snart.or.kr/web/show/view/?MENUMST_ID=21434&amp;type=year&amp;show_type=perform&amp;SNA_SHOW_IDX=6249,http://culture.seoul.go.krhttps://www.snart.or.kr/upload/image/20200803/4F27585AFE6C422BACF73FF487BC444C.jpg,2020-08-05,,00:00.0,00:00.0,기타
연극,연극 〈친정엄마와 2박3일〉 - 성남,2020-08-22~2020-08-23,오페라하우스,성남아트센터,만 7세 이상,R석 77000 원 S석 66000 원,,,,https://www.snart.or.kr/web/show/view/?MENUMST_ID=21434&amp;type=year&amp;show_type=perform&amp;SNA_SHOW_IDX=6242,http://culture.seoul.go.krhttps://www.snart.or.kr/upload/image/20200615/235E8C043BA345E4A1E4612A9EC550C9.jpg,2020-08-05,,00:00.0,00:00.0,기타
콘서트,2020 마티네 콘서트 - 베토벤 250(8월-2),2020-08-20~2020-08-20,콘서트홀,성남아트센터,미취학아동입장불가,전석 25000원,,,,https://www.snart.or.kr/web/show/view/?MENUMST_ID=21434&amp;type=year&amp;show_type=perform&amp;SNA_SHOW_IDX=6117,http://culture.seoul.go.krhttps://www.snart.or.kr/upload/image/20191217/B5255440C29F4BBB94EDEECA14EE577E.jpg,2020-08-05,,00:00.0,00:00.0,기타
콘서트,성남시립교향악단 제 171회 정기연주회 금난새의 뮤직드라마 러시아의 밤,2020-08-12~2020-08-12,콘서트홀,성남아트센터,제한없음,네이버 LIVE 공연,,,,https://www.snart.or.kr/web/show/view/?MENUMST_ID=21434&amp;type=year&amp;show_type=perform&amp;SNA_SHOW_IDX=6250,http://culture.seoul.go.krhttps://www.snart.or.kr/upload/image/20200804/F8EFFCBB16214968BECB44B90BB68740.jpg,2020-08-05,,00:00.0,00:00.0,기타
콘서트,갓 Korea 심쿵 Art Festival(유튜브 생중계),2020-08-12~2020-08-12,오페라하우스,성남아트센터,성남문화재단 유튜브 생중계 무료관람,성남문화재단 유튜브 생중계 무료관람,,,,https://www.snart.or.kr/web/show/view/?MENUMST_ID=21434&amp;type=year&amp;show_type=perform&amp;SNA_SHOW_IDX=6246,http://culture.seoul.go.krhttps://www.snart.or.kr/upload/image/20200727/37A5BFBC4AAC4854825DEF8FC616FB72.jpg,2020-08-05,,00:00.0,00:00.0,
콘서트,오페라정원 - 세비야의 이발사(동시 8월8일 오후5시 네이버 생중계 진행),2020-08-08~2020-08-08,콘서트홀,성남아트센터,미취학 아동 입장 불가(동시 네이버 온라인 생중계 무료 관람 진행),전석 30000원(총 107석 선착순 예매) 코로나19로 인한 생활 속 거리두기로 총 객석의 10%만 좌석오픈으로 진행합니다. (동시에 네이버 온라인 생중계 무료 관람 진행됩니다.),,,,https://www.snart.or.kr/web/show/view/?MENUMST_ID=21434&amp;type=year&amp;show_type=perform&amp;SNA_SHOW_IDX=6194,http://culture.seoul.go.krhttps://www.snart.or.kr/upload/image/20200327/07FF88F9088E41E5AE7A22339F7D720D.jpg,2020-08-05,,00:00.0,00:00.0,기타
연극,연극 <연애하기좋은날> - 부산,2020-08-04~2020-09-13,BNK부산은행조은극장 1관,정부문화포털,만 10세 이상,30000원,,<p style='text-align:center'><img alt='' height='700' src='/ticketadmin/uploaded/product/description/e6b4f44c109a4461a6c9c90b900a6c0b.jpg' width='700' /></p>  <p style='text-align:center'><img alt='' height='700' src='/ticketadmin/uploaded/product/description/9a48a14c03954149a893d2a66b686c36.jpg' width='700' /></p>  <p style='text-align:center'><img alt='' height='700' src='/ticketadmin/uploaded/product/description/a7e61e9408e6415b9707846824376de0.jpg' width='700' /></p>  <p style='text-align:center'><img alt='' height='700' src='/ticketadmin/uploaded/product/description/7d0a3addd62b45e49007c260e33d809d.jpg' width='700' /></p>  <p style='text-align:center'><img alt='' height='700' src='/ticketadmin/uploaded/product/description/ee6dd667cf474e46b726af04834afd29.jpg' width='700' /></p>  <p style='text-align:center'><img alt='' height='700' src='/ticketadmin/uploaded/product/description/156fa822972a47f5baa6d3916df198dd.jpg' width='700' /></p>  <p style='text-align:center'><img alt='' height='700' src='/ticketadmin/uploaded/product/description/2630f48f63244684aa08283c0f6c9c55.jpg' width='700' /></p>  <p style='text-align:center'><img alt='' height='700' src='/ticketadmin/uploaded/product/description/5e053db43f8840ca8829b456266523ab.jpg' width='700' /></p>  <p style='text-align:center'><img alt='' height='700' src='/ticketadmin/uploaded/product/description/6b48a7396d1a4a85b83fbb22ba54c1ee.jpg' width='700' /></p>  <p style='text-align:center'><img alt='' height='700' src='/ticketadmin/uploaded/product/description/855ab3cad2824ce4aee0100427aa865a.jpg' width='700' /></p>  <p style='text-align:center'><img alt='' height='700' src='/ticketadmin/uploaded/product/description/540b3a9a89ad4018afced544573cb3e7.jpg' width='700' /></p>  <p>&nbsp;</p>,,https://www.culture.go.kr/ticket/product/detail/new/PR006277,http://culture.seoul.go.krhttp://www.culture.go.kr/upload/rdf/20/07/rdf_202007302125469251.jpg,2020-08-04,,00:00.0,00:00.0,기타
뮤지컬/오페라,2020 Sejong Dream Tree Art Expedition_Children Musical Class,2020-08-04~2020-08-07,세종예술아카데미,세종문화회관,Elementary school all grade,ALL 100000 /,,,,https://www.sejongpac.or.kr/portal/performance/performance/view.do?performIdx=31030&amp;menuNo=200004,http://culture.seoul.go.krhttps://www.sejongpac.or.kr/cmmn/file/linkedxmlImg.do?performIdx=31030,2020-08-04,,00:00.0,00:00.0,기타
뮤지컬/오페라,2020 꿈나무예술탐험대_ 어린이 뮤지컬 교실,2020-08-04~2020-08-07,세종예술아카데미,세종문화회관,초등학교 전학년,전석 100000원 / 여름특강(뮤지컬 아카데미) 티켓판매가 마감되었습니다. 많은 성원에 깊이 감사드립니다.,,,,https://www.sejongpac.or.kr/portal/performance/performance/view.do?performIdx=31024&amp;menuNo=200004,http://culture.seoul.go.krhttps://www.sejongpac.or.kr/cmmn/file/linkedxmlImg.do?performIdx=31024,2020-08-04,,00:00.0,00:00.0,기타
콘서트,기부가 기적이 되는 ONE FOR ONE 프로젝트&lt;#덕분에 콘서트&gt;,2020-08-01~2020-08-31,경기도 화성 / 대구,기타(서울외지역),전체등급,29800원(티켓2장) / 54900(티켓4장),,기부가 기적이 되는 ONE FOR ONE 프로젝트  &lt;#덕분에 콘서트&gt;   지쳐있는 의료진에게 힐링이 되어주고  무대를 잃어버린 예술가에게는 무대의 기회를 제공하는 문화예술콘서트 기부펀딩입니다.  내가 티켓을 한 장 사면 최전방에서 싸우고 있는 의료진들에게 티켓 한 장이 전달 되어집니다. 우리의 참여와 관심으로 기적이 일어 날 수 있도록 여러분 모두 함께 동참해 주세요~  대한민국 화이팅!!,,https://www.ohmycompany.com/reward/8725#none,http://culture.seoul.go.kr/data/ci/20200803130311.jpg,2020-08-03,기관,00:00.0,00:00.0,기타
국악,[무계원] 흥겨운 가락 우리 국악 이야기,2020-08-22~2020-08-23,무계원,종로문화재단,초등학생 이상(만 7세 이상) 모두,10000원 (종로구민 경로우대 한복착용자 30% 할인),,여름을 맞이하여 가족과 함께 시원한 대청마루에서 한옥의 정취를 느끼며 전통음악을 해설과 함께 들어볼 수 있는 기회! 즐거운 전통음악의 세계로 초대합니다.,,https://www.jfac.or.kr/site/main/program/perf_show_list,http://culture.seoul.go.kr/data/ci/20200802105835.jpg,2020-08-02,기관,00:00.0,00:00.0,어린이/청소년 문화행사
클래식,썸머클래식 Summer Classics,2020-07-31~2020-08-08,세종문화회관 M씨어터,정부문화포털,만 5세이상,전석25000원,,,,http://ticket.interpark.com/Ticket/Goods/GoodsInfo.asp?GoodsCode=P0002402,http://culture.seoul.go.krhttp://www.culture.go.kr/upload/rdf/20/06/show_202006301104939781.gif,2020-07-31,,00:00.0,00:00.0,기타
클래식,썸머클래식 Summer Classics,2020-07-31~2020-08-08,세종M씨어터,세종문화회관,만 5세 이상,전석 25000원,,,,https://www.sejongpac.or.kr/portal/performance/performance/view.do?performIdx=30969&amp;menuNo=200004,http://culture.seoul.go.krhttps://www.sejongpac.or.kr/cmmn/file/linkedxmlImg.do?performIdx=30969,2020-07-31,,00:00.0,00:00.0,기타
클래식,Summer Classics,2020-07-31~2020-08-08,세종M씨어터,세종문화회관,Age limit Over the age of 7,R 30000 S 20000 A 10000 /,,,,https://www.sejongpac.or.kr/portal/performance/performance/view.do?performIdx=30648&amp;menuNo=200004,http://culture.seoul.go.krhttps://www.sejongpac.or.kr/cmmn/file/linkedxmlImg.do?performIdx=30648,2020-07-31,,00:00.0,00:00.0,기타
뮤지컬/오페라,뮤지컬 마마누요,2020-07-30~2020-08-16,대학로 SH아트홀,정부문화포털,만 13세 이상,전석 50000원,,<p style='text-align:center'><img alt='' height='7796' src='/ticketadmin/uploaded/product/description/9c36330c844c40cd9d17631871913865.jpg' width='750' /></p>  <p>&nbsp;</p>,,https://www.culture.go.kr/ticket/product/detail/new/PR006229,http://culture.seoul.go.krhttp://www.culture.go.kr/upload/rdf/20/07/rdf_2020072221233312958.jpg,2020-07-30,,00:00.0,00:00.0,기타
연극,<노동풍경1: 실업> (온라인 공연),2020-08-14~2020-08-21,전태일기념관,서울시청,만 13세 이상,무료,,[공연 소개] 몇 달 동안 읽은 이야기마다 기사마다 눈앞의 노동 풍경이 그 풍경의 변화가 초래한 고통이 생생하게 녹아 있다. 자본이 가부장적 온정주의를 지닌 종가가 되어 또 하나의 가족을 인화로 경영하기 시작한다. 일단 가족이 되면 성의껏 보살피고 그것이 기업의 도리라고 했다. 노조는 이를 응원했다. 그런데 그때 서자가 비정규직이 등장한다. 최근 화제가 되고 있는 플랫폼 노동권도 떠올리게 됐다. 실업은 자본이 버린 노동자이자 상품으로서의 노동이 언제나 직면하는 자기부정의 형태이다. 자본은 실업없이 존재할 수 없다. 자본의 힘이 강해졌다는 것은 또한 그만큼 실업이 늘어난다는 것이다. 과잉의 노동으로서의 실업이 존재하는 한 고용 노동은 자신을 노동으로써 완결할 수 없다. 노동은 투평한 사회적 집단으로서도 사회적 사실로서도 자신을 규정할 수 없는 것이다. 이는 실업을 포함하지 않은 노동은 영원히 온전히 노동일 수 없다는 말이기도 하다. 풍경의 소외에 동반되는 사람들의 소외까지 느껴졌다.,,https://www.taeil.org/performance/detail?id=21,http://culture.seoul.go.kr/data/ci/20200730145409.jpg,2020-07-30,기관,00:00.0,00:00.0,기타
연극,<권력에 맞서 진실을 외쳐라!> (온라인 공연),2020-08-07~2020-09-07,전태일기념관,서울시청,12세 이상 관람가,무료,,아름다운청년 전태일기념관 2020 공연예술단체 지원사업 선정작  종이로 만든 배 &lt;권력에 맞서 진실을 외쳐라!&gt;  [인권은 하나의 목소리에서 시작합니다]  연극 &lt;권력에 맞서 진실을 외쳐라!&gt;는 대작가 아리엘 도르프만이 5대륙 35개 나라의 인권운동가들을 인터뷰한 케리 케네디의 역동적인 책 《진실을 외쳐라 -세상을 바꿔가는 인권운동가들》을 희곡화한 작품입니다. 본 작품은 많이 알려지지 않은 인권운동가들의 목소리에 빛을 비춥니다.,,https://www.taeil.org/performance/detail?id=20,http://culture.seoul.go.kr/data/ci/20200729173104.jpg,2020-07-29,기관,00:00.0,00:00.0,기타
콘서트,전지적 밴드 시점〈다린-Song on the beach〉,2020-08-07~2020-08-07,마포아트센터 스튜디오 3,마포구청,8세이상관람가[미취학아동입장불가],전석 20000원,CAST 다린 강건후,다린 그리스어로 값진 선물(darin)을 뜻한다. 열 여덟의 신소회가 스스로에게 선물했다는 이 이름 만큼 그녀의 음악을 잘 설명할 수 있는 단어가 도 있을까. 섬세한 관찰력과 감각적인 표현이 돋보이는 가사는 마치 그림을 그리듯 평범한 일상에 색채를 부여하고 숨소리조차 음악으로 만드는 매력 적인 보이스는 계절의 시작처럼 명확하지 않은 것들을 새롭게 정의한다. 행복하면서도 쓸쓸하고 쓸쓸하면서도 따뜻한 음악 포크부터 재즈 R&amp;B에 이르기까지 그녀의 음악을 한 단어로 정의할 수 없지만 매 순간 변화하는 우리 삶 속 다린의 음악은 값진 선물과도 같다. &amp;quot;,다린만의 공감각적 심상. 어디론가 훌쩍 떠나고 싶은 날. Song on the beach 다린과 함께 하는 여름 밤 여행.,http://www.mapoartcenter.or.kr/mapoArt/f/jsp/performance/whole_view.jsp?idx=1909&amp;pageNm=whole_list,http://culture.seoul.go.kr/data/ci/20200728160325.jpg,2020-07-28,기관,00:00.0,00:00.0,기타
국악,[문화가 있는 날] MAC 천원의 문화공감〈신선新鮮놀음〉＂두번째달 X 소리꾼 김준수＂,2020-08-27~2020-08-27,마포구청 대강당,마포구청,8세이상 관람가[미취학아동입장불가],전석 1000원,두번째달 X 소리꾼 김준수,코로나19로 지친 몸과 마음에 생기를 충전해 줄 마포문화재단 사회공헌 프로그램 천원의 문화공감 8월의 주인공은 밴드 두번째달과 소리꾼 김준수이다. 구르미 그린 달빛 궁 푸른 바다의 전설 등의 드라마 삽입곡과 2018 평창 동계올림픽 폐막식 공연으로 잘 알려진 밴드 두번째달은 2016 년부터 국악과의 콜라보 프로젝트를 통해 색다르면서도 의미있는 행보를 이어오고 있다. 국립창극단의 소리꾼 김준수는 타고난 실력과 빼어난 매력으로 아이돌 스타 못지 않은 인기를 구가하며 우리 음악 알리기에 앞장서고 있다. 밴드 두번째달의 바이올린 만돌린 아이리쉬 휘슬 아코디언 일리언파이프 등 다양한 유럽의 민속악기들이 만들어내는 에스닉한 사운드와 한국 전통음악인 판소리와의 신선한 만남!,*연 주 곡*  서쪽하늘에 궁 메들리 사랑가 이별가 신연랐어 어사상봉 어사출두 쾌지나칭칭나네 두번째달 메들리 육자배기 상주아리랑진도아리랑 ※ 상기 프로그램은 연주자 사정에 의해 다소 변경될 수 있습니다.,http://www.mapoartcenter.or.kr/mapoArt/f/jsp/performance/whole_view.jsp?idx=1912&amp;pageNm=whole_list,http://culture.seoul.go.kr/data/ci/20200728155420.jpg,2020-07-28,기관,00:00.0,00:00.0,기타
콘서트,[ MAC 천원의 문화공감 ] 마포문화재단 X 공상집단 뚱딴지＂스튜디오 프로젝트 PART1＂〈남으로 살겠습니다〉,2020-08-20~2020-08-22,마포아트센터 스튜디오 3,마포구청,12세 이상관람가,전석 1000원,작 : 이하슬  연출 : 양경진 프로그래머 : 황이선 기획 : 박지인 음악 : 류승현(RAINBOW99) 사진 : 이정훈(명랑사진관) 출연: 정다연 박영민이훈희정혜인 조명오퍼 : 박지은  음향오퍼 : 오윤정 의상 : 김현진,마포아트센터 상주단체인 공상집단 뚱딴지와 마포문화재단이 함께 진행하는 [스튜디오 프로젝트]는 작년에 이어 올해에도 진행되는 공공프로그램입니다. 극장이 아닌 스튜디오 공간을 활용하여 다양하고 실험적인 프로젝트를 선보이고자 합니다. 특히 올해는 공상집단 뚱딴지의 창작 신작 공연으로 다채로운 예술 경험의 기회를 제공합니다.,&amp;quot;저 멀리 어딘가에는 내가 있을까 &amp;#39;나&amp;#39; 로 산다는 건 어떤 기분일까&amp;quot; &amp;#39;잠시’ 사라지고 싶은 마음이 쌓여 어느새 &amp;#39;영원히 사라지는 꿈을 꾸며 살아간다. 사라짐을 선택한 사람과 남겨진 사람들의 이야기.,http://www.mapoartcenter.or.kr/mapoArt/f/jsp/performance/whole_view.jsp?idx=1913&pageNm=whole_list,http://culture.seoul.go.kr/data/ci/20200728151011.jpg,2020-07-28,기관,00:00.0,00:00.0,기타
콘서트,2020 한빛예술단의 MUSIC in the DARK: Momentum,2020-08-11~2020-08-11,롯데콘서트홀,,7세이상,전석 3만원,한빛예술단 팬텀싱어3 베이스 구본수,&lt;우리의 일상이 다시 연주될 &amp;#39;모멘텀&amp;#39; MUSIC in the DARK: Momentum&gt;  악보기호 중 General Pause(게네랄 파우제. G.P.)가 있다. 악곡 중간에 모든 악기 또는 성부가 연주하지 않고 일제히 쉬라는 뜻이다.  코로나19로 인해 현재 우리가 겪고 있는 이 시간은 G.P.와 꽤 닮아 있다. 언제 끝날지 모르지만 이것이 모든 것의 종결은 아니란 것을  우리는 알고 있다. 휴지기는 종지와는 다르게 정적 순간에 한껏 응축된 에너지를 발생시켜 다음 장을 연주할 원동력이 된다.   8월 11일 Music in the Dark: Momentum이 우리의 일상을 다시 연주할 원동력이 될 것이다.   &lt;기적의 오케스트라 그 진한 감동의 한빛예술단&gt;  한빛예술단의 특별함은 첫 모습에서 확인된다. 무대 위 어디에도 지휘자와 악보가 보이지 않는다. 연주가 시작되고 숨죽인 관객들 사이를 오고 가는 아름답고 자유로운 선율. 하나가 되어 연주하는 호흡은 그들의 피와 땀이 녹아든 결정체이며 듣는 모든 이에게 진한 감동을 전한다.,,http://www.hanbitarts.co.kr/community/news/?uid=48&mod=document,http://culture.seoul.go.kr/data/ci/20200723120144.jpg,2020-07-23,시민,00:00.0,00:00.0,기타
클래식,브런치 콘서트 시즌3 <송영민의 브런치 콘서트>,2020-08-28~2020-08-28,노원문화예술회관 1층 대공연장,노원문화재단,8세 이상,전석 15000원,송영민 깊이있는 쇼팽부터 열정적인 라흐마니노프 숨소리까지 들리는 살롱음악회부터 풀오케스트라와 함께 하는 예술의 전당 콘서트홀무대까지. 탁월한 피아니스트이자 예술감독 기획자 해설자 사회자로 그 누구도 흉내낼 수 없는 자신만의 독특한 바이오그래피를 완성해 나가고 있는 우리시대의 젊은 예술가,드라마 ‘밀회’의 천재 피아니스트 이선재(배우 유아인)역의 실제 피아노 연주의 주인공 송영민이 진행하는 클래식 토크 콘서트,,https://www.nowonart.kr/kr/performance/view.php?param_url=https%3A%2F%2Fwww.nowonart.kr%2Fkr%2Fperformance%2Finfo.php%3F%26cate%3D%26skin%3D%26search_state%3D1%26search_syear%3D%26search_smonth%3D%26search_eyear%3D%26search_emonth%3D%26search_order%3D%26search_startPage%3D&idx=156,http://culture.seoul.go.kr/data/ci/20200716145021.jpg,2020-07-16,기관,00:00.0,00:00.0,기타
연극,음악극 <나포리 음악다방>,2020-08-13~2020-08-15,구로아트밸리 예술극장,구로문화재단,초등학생 이상,전석 20000원,조석준 &amp;verbar; DJ민혁 역 권태진 &amp;verbar; DJ진욱 역 손난희 &amp;verbar; 경자 역 김현준 &amp;verbar; 태훈 역 김수연 &amp;verbar; 선옥 역 신시아 &amp;verbar; 은지 역 조현숙 &amp;verbar; 은지모 역  나준연 &amp;verbar; 과장 역,지금까지 오랜 세월 동네를 지키며   한때 누군가의 아지트였던 ‘나포리 음악다방’의   유쾌한 웃음과 진한 감동의 눈물이 당신을 위로한다.   누구보다 자유로웠던 그때 그 시절  청춘들이 다시 만들어내는 뉴트로 음악다방 이야기!,,https://www.guroartsvalley.or.kr/performance/commonView?guroart_menu_cd=U0007&seq_no=3407&perDisGubun=performance&currRow=1,http://culture.seoul.go.kr/data/ci/20200716110626.jpg,2020-07-16,기관,00:00.0,00:00.0,기타
클래식,2020 서울시향 오스모 벤스케의 멘델스존 교향곡- 이탈리아-,2020-08-27~2020-08-27,예술의전당 콘서트홀,서울시립교향악단,만 7세 이상,R석 : 70000원 S석 : 50000원 A석 : 30000원 B석 : 20000원 C석 : 10000원,,코플런드 보통사람을 위한 팡파르 코플런드 애팔래치아의 봄 본윌리엄스 종달새의 비상 멘델스존 교향곡 제4번 ‘이탈리아’,,https://www.seoulphil.or.kr/perf/view?perfNo=1208&amp;calendarDate=2020/08/01&amp;langCd=ko&amp;menuFlag=MFLG0001,http://culture.seoul.go.kr/data/ci/20200715162839.JPG,2020-07-15,기관,00:00.0,00:00.0,기타
클래식,2020 서울시향 오스모 벤스케의 베토벤 교향곡 1번,2020-08-20~2020-08-21,예술의전당 콘서트홀,서울시립교향악단,만 7세 이상,R석 : 70000원 S석 : 50000원 A석 : 30000원 B석 : 20000원 C석 : 10000원,,스트라빈스키 ‘풀치넬라’ 모음곡 모차르트 오보에 협주곡 베토벤 교향곡 제1번,,https://www.seoulphil.or.kr/perf/view?perfNo=1205&calendarDate=2020/08/01&langCd=ko&menuFlag=MFLG0001,http://culture.seoul.go.kr/data/ci/20200715162223.JPG,2020-07-15,기관,00:00.0,00:00.0,기타
클래식,우리동네 음악회 실내악,2020-08-11~2020-08-11,성북구립미술관,서울시립교향악단,만 7세 이상,무료,,추후 업데이트 예정,,https://www.seoulphil.or.kr/perf/view?perfNo=1479&calendarDate=2020/08/01&langCd=ko&menuFlag=MFLG0001,http://culture.seoul.go.kr/data/ci/20200715161932.JPG,2020-07-15,기관,00:00.0,00:00.0,기타
뮤지컬/오페라,뮤지컬<썸씽로튼>,2020-08-07~2020-10-18,충무아트센터 대극장,중구청,만 7세 이상 (초등학생 이상) 관람가,VIP석 140000원/R석 120000원  S석 80000원/A석 60000원,,낭만의 르네상스 시대 상상이상의 기발함에 감탄하고 끝을 모르는 유쾌함에 환호하는 올 여름 뮤~우지컬 신드롬을 일으킬  골 때리는 역작!!,,http://www.caci.or.kr/Home/Perf/PerfInfoView.aspx?PerfId=1309&SrchType=8&SelectedYear=2020&SelectedMonth=7&SelectedDay=15,http://culture.seoul.go.kr/data/ci/20200715141958.jpg,2020-07-15,기관,00:00.0,00:00.0,기타
뮤지컬/오페라,뮤지컬 <캔터빌의 유령>,2020-08-28~2020-08-29,구로아트밸리 예술극장,구로문화재단,5세이상,전석 15000원,,문화가 있는 날 명작공연 시리즈 <책 읽는 예술극장> 3회차! 오싹하고 유쾌한 &amp;#39;오스카 와일드&amp;#39; 원작이 라이브 연주로 무대에서 되살아난다.,● 구로문화재단 홈페이지회원 40% ● 2대3인 할인 50%,https://bit.ly/2WjgmrD,http://culture.seoul.go.kr/data/ci/20200715094308.jpg,2020-07-15,기관,00:00.0,00:00.0,문화가 있는 날
클래식,2020 해설이 있는 청소년음악회 이럴때 이런음악 예술의전당,2020-08-13~2020-08-13,예술의전당 IBK챔버홀,,8세 이상 관람 가능,R석 20000원 / S석 10000원,피아노 조상은 윤혜원 이준성 이형천 노수영 신민정 이승경 오상은 문정심 김현정 타악기 안상훈,이럴때 이런음악 해설이 있는 청소년을 위한 음악회 17주년 공연  어서와! 클래식은 처음이지?  ‘특별한 해설’이 있는 클래식을 들으며  나도 클래식 매니아가 된다   방학기간을 이용해 클래식에 좀 더 가까워질 수 없을까?  어렵게만 느껴지는 클래식을 좀 더 쉽고 재미있게 다가갈 수 없을까?   2003년부터 17주년을 맞게 되는 ‘해설이 있는 청소년을 위한 음악회’의 원조 공연으로 매년 전석 매진을 기록한 여름방학 ‘여름이야기’ 시리즈로 연주되는 이번 공연에서는 4대의 피아노 성악 앙상블 현악악상블 피아노 콰르텟 플룻 오케스트라 국악과 함께하는 왈츠 환상곡 애니메이션 주제곡으로 연주되는 광고나 영화에서 들어왔던 오페라 아리아 뮤지컬 넘버 발레 모음곡 오케스트라 국악 등 지금까지 클래식 공연에서 느낄 수 없었던 ‘특별한 해설’이 있는 음악회로 청소년 여러분을 그 현장에 초대합니다.  멀게만 느껴졌던 클래식을 몸소 체험하고 느낄 수 있는 기회가 될 것입니다.,8월 13일 (목) 7시30 예술의전당 IBK챔버홀 4대의 피아노 타악기와 함께하는 슬기로운 피아노 생활,http://hoonent.com/board/?mid=pi&document_srl=16288 ,http://culture.seoul.go.kr/data/ci/20200714153327.jpg,2020-07-14,시민,00:00.0,00:00.0,어린이/청소년 문화행사
클래식,2020 해설이 있는 청소년음악회 이럴때 이런음악 영산아트홀,2020-08-09~2020-08-15,영산아트홀,,만 7세 이상 관람 가능,R석 20000원 / S석 10000원,8월 9일 일요일 3시 영산아트홀  피아노 노수영 신민정 8월 15일 (토) 3시 영산아트홀  플루트 이미래 바이올린 김명현 첼로 최유진 클라리넷 김소연 피아노 신혜영 외 출연,이럴때 이런음악  해설이 있는 청소년을 위한 음악회 17주년 공연   어서와! 클래식은 처음이지?  ‘특별한 해설’이 있는 클래식을 들으며   나도 클래식 매니아가 된다    방학기간을 이용해 클래식에 좀 더 가까워질 수 없을까?  어렵게만 느껴지는 클래식을 좀 더 쉽고 재미있게 다가갈 수 없을까?   2003년부터 17주년을 맞게 되는 ‘해설이 있는 청소년을 위한 음악회’의 원조 공연으로 매년 전석 매진을 기록한 여름방학 ‘여름이야기’ 시리즈로 연주되는 이번 공연에서는 4대의 피아노 성악 앙상블 현악악상블 피아노 콰르텟 플룻 오케스트라 국악과 함께하는 왈츠 환상곡 애니메이션 주제곡으로 연주되는 광고나 영화에서 들어왔던 오페라 아리아 뮤지컬 넘버 발레 모음곡 오케스트라 국악 등 지금까지 클래식 공연에서 느낄 수 없었던 ‘특별한 해설’이 있는 음악회로 청소년 여러분을 그 현장에 초대합니다.  멀게만 느껴졌던 클래식을 몸소 체험하고 느낄 수 있는 기회가 될 것입니다.,8월 9일 (일) 3시 영산아트홀 슬기로운 음악생활 ‘세계 음악여행’  8월 15일 (토) 3시 영산아트홀 클래식이 즐거워지는 시간 ‘올댓 클래식’,http://hoonent.com/board/?mid=pi&document_srl=16288 ,http://culture.seoul.go.kr/data/ci/20200714151610.jpg,2020-07-14,시민,00:00.0,00:00.0,어린이/청소년 문화행사
클래식,김애리 피아노 독주회,2020-08-16~2020-08-16,금호아트홀연세,서대문구청,민7세 이상,전석 2만원(학생할인50%),피아니스트 김애리,김애리 피아노 독주회 KIM AE RI PIANO RECITAL  2020년 8월 16일 SUN 15:00 금호아트홀 연세   주최 및 주관 &amp;verbar; J&amp;R예술기획  후 원 &amp;verbar; 선화예술중?고 연세대학교 파리에꼴노르말 동문회 입장권 &amp;verbar; 전석2만원(학생할인 50%) 예매처 &amp;verbar; 인터파크티켓 1544-1555 문 의 &amp;verbar; J&amp;R예술기획 02-3491-2370 www.jnrart.com   PROGRAM  L. v. Beethoven       Piano Sonata No. 21 in C Major Op. 53 &amp;#39;Waldstein&amp;#39;                                         Ⅰ.Allegro con brio                                          Ⅱ.Introduzione. Adagio molto                                          Ⅲ.Rondo. Allegretto moderato  F. Mendelssohn                    Variations serieuses Op.54    INTERMISSION   J. Harvey                          Tombeau de Messiaen  A. Khachaturian                    Toccata for Piano  P. Jodlowski                        Serie Noire,,http://ticket.interpark.com/Ticket/Goods/GoodsInfo.asp?GoodsCode=20005331,http://culture.seoul.go.kr/data/ci/20200710171938.jpg,2020-07-10,기관,00:00.0,00:00.0,기타
국악,차와 이야기 그리고 우리 음악으로 행복한 시간 <다담>,2020-06-24~2020-11-25,국립국악원 우면당,정부문화포털,8세 이상,전석 2만원,,,,http://www.gugak.go.kr/site/program/performance/detail?menuid=001001001001&amp;performance_id=15607,http://culture.seoul.go.krhttp://www.culture.go.kr/upload/rdf/20/04/show_202004278595246718.png,2020-06-24,,00:00.0,00:00.0,기타
뮤지컬/오페라,(공연취소)뮤지컬 `마마돈크라이`,2020-06-17~2020-08-09,세종M씨어터,세종문화회관,15세 이상 관람가,R석 66000원 S석 44000원 /,,,,https://www.sejongpac.or.kr/portal/performance/performance/view.do?performIdx=30953&amp;menuNo=200004,http://culture.seoul.go.krhttps://www.sejongpac.or.kr/cmmn/file/linkedxmlImg.do?performIdx=30953,2020-06-17,,00:00.0,00:00.0,기타
뮤지컬/오페라,창작뮤지컬 <백범>,2020-09-10~2020-10-04,국립중앙박물관 극장 용,용산구청,만 7세 이상(미취학 아동 입장불가),VIP석   99000 원 / R석   77000 원 / S석   55000 원 / A석   33000 원,,2020년 국립박물관문화재단이 선보이는 박물관 역사 잇기 시리즈 신작으로 백범 김구의 파란만장했던 인생 일대기를 역동적인 뮤지컬 무대로 만난다.,,http://ticket.interpark.com/Ticket/Goods/GoodsInfo.asp?GoodsCode=20004440,http://culture.seoul.go.kr/data/ci/20200617120821.jpg,2020-06-17,기관,00:00.0,00:00.0,기타
연극,꿈나무극장 어린이 공연 <꿈꾸는 극장> [애니클래식 겨울왕국],2020-08-08~2020-08-08,구로 꿈나무극장,구로문화재단,36개월 이상,전석 5천원,,꿈나무극장의 여름날 찾아오는 3색 어린이 공연!  [꿈꾸는 극장],,https://www.guroartsvalley.or.kr/performance/commonView?guroart_menu_cd=U0007&currRow=2&seq_no=3402&perDisGubun=performance&returnURI=%2Fperformance%2FcurrentList&serhPerforDisplay=&serhTitle=,http://culture.seoul.go.kr/data/ci/20200617112834.jpg,2020-06-17,기관,00:00.0,00:00.0,어린이/청소년 문화행사
뮤지컬/오페라,뮤지컬 `모차르트!` 10주년 기념공연,2020-06-16~2020-08-09,세종대극장,세종문화회관,8세이상 관람 가능,"화수목	VIP석 14만원 R석 12만원 S석  9만원 A석 7만원 B석 5만원 					 금토일공휴일 VIP석 15만원 R석 13만원 S석 10만원 A석 8만원 B석 6만원  * 세종시즌 VIP/R석의 경우 2020 세종시즌패키지 예매권으로만 예매 가능합니다.  (예매권 판매기간 ~3/11 17시) /",,,,https://www.sejongpac.or.kr/portal/performance/performance/view.do?performIdx=30810&amp;menuNo=200004,http://culture.seoul.go.krhttps://www.sejongpac.or.kr/cmmn/file/linkedxmlImg.do?performIdx=30810,2020-06-16,,00:00.0,00:00.0,기타
뮤지컬/오페라,Das Musical MOZART! 10th Anniversary,2020-06-16~2020-08-09,세종대극장,세종문화회관,Age limit Over the age of 8,Tues/Wed/Thurs - VIP 140000 R 120000 S 90000 A 70000 B 50000 Fri/Sat/Sun/holiday - VIP 150000 R 130000 S 100000 A 80000 B 60000  * 10th only  Tues/Wed/Thurs - VIP 120000 R 100000 S 80000 A 60000 B 40000  Fri/Sat/Sun/holiday - VIP 130000 R 110000 S 90000 A 70000 B 50000 /,,,,https://www.sejongpac.or.kr/portal/performance/performance/view.do?performIdx=30647&amp;menuNo=200004,http://culture.seoul.go.krhttps://www.sejongpac.or.kr/cmmn/file/linkedxmlImg.do?performIdx=30647,2020-06-16,,00:00.0,00:00.0,기타
뮤지컬/오페라,뮤지컬 <모차르트!>,2020-06-16~2020-08-09,세종문화회관 세종대극장,정부문화포털,8세이상 관람 가능,화수목 VIP석 14만원 R석 12만원 S석 9만원 A석 7만원 B석 5만원/ 금토일공휴일 VIP석 15만원 R석 13만원 S석 10만원 A석 8만원 B석 6만원,,,,https://www.sejongpac.or.kr/portal/performance/performance/view.do?performIdx=30810&amp;menuNo=200004&amp;sdate=2020-06-11&amp;searchWrd=&amp;searchCnd=1&amp;edate=2020-06-20&amp;searchGenreCdStr=&amp;searchPlaceCdStr=&amp;pageIndex=1,http://culture.seoul.go.krhttp://www.culture.go.kr/upload/rdf/20/05/rdf_2020052010454212041.jpg,2020-06-16,,00:00.0,00:00.0,기타
클래식,2020 아람누리 마티네콘서트 패키지,2020-06-25~2020-12-10,고양아람누리 아람음악당,고양아람누리,초등학생 이상 (미취학아동 입장불가) [1인 1매],전석 : 20000원,,,,http://www.artgy.or.kr/PF/PF0201V.aspx?showid=0000006097,http://culture.seoul.go.krhttp://www.artgy.or.kr/upload/tbl_show/20191230_11.jpg,2020-06-08,,00:00.0,00:00.0,기타
콘서트,[강남구립청담도서관] 엄지북(엄마는 지금 책읽는 중),2020-01-17~2020-12-18,청담도서관 프로그램실,강남구청,책을 좋아하는 엄마들,무료,,[독서토론 동아리] 엄지북(엄마는 지금 책읽는 중),,https://library.gangnam.go.kr/cdlib/menu/10933/program/30013/lectureDetail.do?currentPageNo=1&searchCategory=&manageCd=MK&searchStatusCd=&lectureIdx=16481,http://culture.seoul.go.kr/data/ci/20200118110439.jpg,2020-01-18,기관,00:00.0,00:00.0,기타
클래식,[아름다운 목요일 금호아시아나솔로이스츠] 금호아시아나솔로이스츠 X 바이츠 퀸텟 (II),2020-12-25~2020-12-25,금호아트홀 연세,서대문구청,미취학 아동 입장불가,4만원,,[아름다운 목요일 금호아시아나솔로이스츠] 금호아시아나솔로이스츠 X 바이츠 퀸텟 (II),,http://www.kumhoarthall.com/designer/skin/01/detail.html?p_idx=22449&s_idx=11&vwY=2020&vwM=12&se_idx=,http://culture.seoul.go.kr/data/ci/20200116154204.jpg,2020-01-16,기관,00:00.0,00:00.0,기타
클래식,[아름다운 목요일 금호아시아나솔로이스츠] 금호아시아나솔로이스츠 X 바이츠 퀸텟 (I),2020-12-24~2020-12-24,금호아트홀 연세,서대문구청,미취학 아동 입장불가,4만원,,[아름다운 목요일 금호아시아나솔로이스츠] 금호아시아나솔로이스츠 X 바이츠 퀸텟 (I),,http://www.kumhoarthall.com/designer/skin/01/detail.html?p_idx=22448&s_idx=11&vwY=2020&vwM=12&se_idx=,http://culture.seoul.go.kr/data/ci/20200116153955.jpg,2020-01-16,기관,00:00.0,00:00.0,기타
클래식,[아름다운 목요일 베토벤의 시간 ‘17‘20] 김다솔 Piano,2020-12-17~2020-12-17,금호아트홀 연세,서대문구청,미취학 아동 입장불가,4만원,,[아름다운 목요일 베토벤의 시간 ‘17‘20] 김다솔 Piano,,http://www.kumhoarthall.com/designer/skin/01/detail.html?p_idx=22447&s_idx=11&vwY=2020&vwM=12&se_idx=,http://culture.seoul.go.kr/data/ci/20200116153745.jpg,2020-01-16,기관,00:00.0,00:00.0,기타
클래식,[아름다운 목요일 금호아트홀 상주음악가] 이지윤 Violin 헨리 크레이머 Piano ˝Adventure ＆ Fantasy˝,2020-12-10~2020-12-10,금호아트홀 연세,서대문구청,미취학 아동 입장불가,4만원,,[아름다운 목요일 금호아트홀 상주음악가] 이지윤 Violin 헨리 크레이머 Piano ˝Adventure ＆ Fantasy˝,,http://www.kumhoarthall.com/designer/skin/01/detail.html?p_idx=22446&s_idx=11&vwY=2020&vwM=12&se_idx=,http://culture.seoul.go.kr/data/ci/20200116153123.jpg,2020-01-16,기관,00:00.0,00:00.0,기타
클래식,[아름다운 목요일 세 도시 이야기:첼로] 이정란 Cello 일리야 라쉬코프스키 Piano,2020-12-03~2020-12-03,금호아트홀 연세,서대문구청,미취학 아동 입장불가,4만원,,[아름다운 목요일 세 도시 이야기:첼로] 이정란 Cello 일리야 라쉬코프스키 Piano,,http://www.kumhoarthall.com/designer/skin/01/detail.html?p_idx=22445&s_idx=11&vwY=2020&vwM=12&se_idx=,http://culture.seoul.go.kr/data/ci/20200116152854.jpg,2020-01-16,기관,00:00.0,00:00.0,기타
클래식,[아름다운 목요일 베토벤의 시간 ‘17‘20] 손민수 Piano,2020-11-26~2020-11-26,금호아트홀 연세,서대문구청,미취학 아동 입장불가,4만원,,[아름다운 목요일 베토벤의 시간 ‘17‘20] 손민수 Piano,,http://www.kumhoarthall.com/designer/skin/01/detail.html?p_idx=22444&s_idx=11&vwY=2020&vwM=11&se_idx=,http://culture.seoul.go.kr/data/ci/20200116152636.jpg,2020-01-16,기관,00:00.0,00:00.0,기타
클래식,[아름다운 목요일 금호 Exclusive] 로버트 레빈 Piano,2020-11-19~2020-11-19,금호아트홀 연세,서대문구청,미취학 아동 입장불가,8만원,,[아름다운 목요일 금호 Exclusive] 로버트 레빈 Piano,,http://www.kumhoarthall.com/designer/skin/01/detail.html?p_idx=22443&s_idx=11&vwY=2020&vwM=11&se_idx=,http://culture.seoul.go.kr/data/ci/20200116152349.jpg,2020-01-16,기관,00:00.0,00:00.0,기타
클래식,[아름다운 목요일 인터내셔널 마스터즈 시리즈] 스베틀린 루세브 Violin,2020-11-12~2020-11-12,금호아트홀 연세,서대문구청,미취학 아동 입장불가,6만원,,[아름다운 목요일 인터내셔널 마스터즈 시리즈] 스베틀린 루세브 Violin,,http://www.kumhoarthall.com/designer/skin/01/detail.html?p_idx=22442&s_idx=11&vwY=2020&vwM=11&se_idx=,http://culture.seoul.go.kr/data/ci/20200116151428.jpg,2020-01-16,기관,00:00.0,00:00.0,기타
클래식,[아름다운 목요일 앙상블 로드] 트리오 킴,2020-11-05~2020-11-05,금호아트홀 연세,서대문구청,미취학 아동 입장불가,4만원,,[아름다운 목요일 앙상블 로드] 트리오 킴,,http://www.kumhoarthall.com/designer/skin/01/detail.html?p_idx=22440&s_idx=11&vwY=2020&vwM=11&se_idx=,http://culture.seoul.go.kr/data/ci/20200116151152.jpg,2020-01-16,기관,00:00.0,00:00.0,기타
클래식,[아름다운 목요일 스페셜 콘서트] 2019 윤이상국제음악콩쿠르 박성용영재특별상 수상자 음악회: 임윤찬 Piano,2020-10-29~2020-10-29,금호아트홀 연세,서대문구청,미취학 아동 입장불가,3만원,,[아름다운 목요일 스페셜 콘서트] 2019 윤이상국제음악콩쿠르 박성용영재특별상 수상자 음악회: 임윤찬 Piano,,http://www.kumhoarthall.com/designer/skin/01/detail.html?p_idx=22441&s_idx=11&vwY=2020&vwM=10&se_idx=,http://culture.seoul.go.kr/data/ci/20200116150921.jpg,2020-01-16,기관,00:00.0,00:00.0,기타
클래식,[아름다운 목요일 인터내셔널 마스터즈 시리즈] 데네시 바룐 Piano,2020-10-22~2020-10-22,금호아트홀 연세,서대문구청,미취학 아동 입장불가,6만원,,[아름다운 목요일 인터내셔널 마스터즈 시리즈] 데네시 바룐 Piano,,http://www.kumhoarthall.com/designer/skin/01/detail.html?p_idx=22439&s_idx=11&vwY=2020&vwM=10&se_idx=,http://culture.seoul.go.kr/data/ci/20200116150345.jpg,2020-01-16,기관,00:00.0,00:00.0,기타
클래식,[아름다운 목요일 베토벤의 시간 ‘17‘20] Happy Birthday Ludwig (III),2020-10-15~2020-10-15,금호아트홀 연세,서대문구청,미취학 아동 입장불가,5만원,,[아름다운 목요일 베토벤의 시간 ‘17‘20] Happy Birthday Ludwig (III),,http://www.kumhoarthall.com/designer/skin/01/detail.html?p_idx=22438&s_idx=11&vwY=2020&vwM=10&se_idx=,http://culture.seoul.go.kr/data/ci/20200116150108.jpg,2020-01-16,기관,00:00.0,00:00.0,기타
클래식,[아름다운 목요일 베토벤의 시간 ‘17‘20] Happy Birthday Ludwig (II),2020-10-14~2020-10-14,금호아트홀 연세,서대문구청,미취학 아동 입장불가,5만원,,[아름다운 목요일 베토벤의 시간 ‘17‘20] Happy Birthday Ludwig (II),,http://www.kumhoarthall.com/designer/skin/01/detail.html?p_idx=22437&s_idx=11&vwY=2020&vwM=10&se_idx=,http://culture.seoul.go.kr/data/ci/20200116145743.jpg,2020-01-16,기관,00:00.0,00:00.0,기타
클래식,[아름다운 목요일 베토벤의 시간 ‘17‘20] Happy Birthday Ludwig (I),2020-10-13~2020-10-13,금호아트홀 연세,서대문구청,미취학 아동 입장불가,5만원,,[아름다운 목요일 베토벤의 시간 ‘17‘20] Happy Birthday Ludwig (I),,http://www.kumhoarthall.com/designer/skin/01/detail.html?p_idx=22436&s_idx=11&vwY=2020&vwM=10&se_idx=,http://culture.seoul.go.kr/data/ci/20200116145535.jpg,2020-01-16,기관,00:00.0,00:00.0,기타
클래식,[아름다운 목요일 인터내셔널 마스터즈 시리즈] 츠츠미 츠요시 Cello,2020-09-24~2020-09-24,금호아트홀 연세,서대문구청,미취학 아동 입장불가,6만원,,[아름다운 목요일 인터내셔널 마스터즈 시리즈] 츠츠미 츠요시 Cello,,http://www.kumhoarthall.com/designer/skin/01/detail.html?p_idx=22435&s_idx=11&vwY=2020&vwM=09&se_idx=,http://culture.seoul.go.kr/data/ci/20200116145011.jpg,2020-01-16,기관,00:00.0,00:00.0,기타
클래식,[아름다운 목요일 스페셜 콘서트] 퀸 엘리자베스 콩쿠르 위너 (II),2020-09-17~2020-09-17,금호아트홀 연세,서대문구청,미취학 아동 입장불가,4만원,,[아름다운 목요일 스페셜 콘서트] 퀸 엘리자베스 콩쿠르 위너 (II),,http://www.kumhoarthall.com/designer/skin/01/detail.html?p_idx=22434&s_idx=11&vwY=2020&vwM=09&se_idx=,http://culture.seoul.go.kr/data/ci/20200116144816.jpg,2020-01-16,기관,00:00.0,00:00.0,기타
클래식,[아름다운 목요일 스페셜 콘서트] 퀸 엘리자베스 콩쿠르 위너 (I),2020-09-10~2020-09-10,금호아트홀 연세,서대문구청,미취학 아동 입장불가,4만원,,[아름다운 목요일 스페셜 콘서트] 퀸 엘리자베스 콩쿠르 위너 (I),,http://www.kumhoarthall.com/designer/skin/01/detail.html?p_idx=22433&s_idx=11&vwY=2020&vwM=09&se_idx=,http://culture.seoul.go.kr/data/ci/20200116144538.jpg,2020-01-16,기관,00:00.0,00:00.0,기타
클래식,[아름다운 목요일 금호아트홀 상주음악가] 이지윤 Violin 프랑크 두프리 Piano ˝Sensation˝,2020-08-27~2020-08-27,금호아트홀 연세,서대문구청,미취학 아동 입장불가,4만원,,[아름다운 목요일 금호아트홀 상주음악가] 이지윤 Violin 프랑크 두프리 Piano ˝Sensation˝,,http://www.kumhoarthall.com/designer/skin/01/detail.html?p_idx=22431&s_idx=11&vwY=2020&vwM=08&se_idx=,http://culture.seoul.go.kr/data/ci/20200116144318.jpg,2020-01-16,기관,00:00.0,00:00.0,기타
클래식,[아름다운 목요일 세 도시 이야기:첼로] 문태국 Cello 한지호 Piano,2020-08-20~2020-08-20,금호아트홀 연세,서대문구청,미취학 아동 입장불가,4만원,,[아름다운 목요일 세 도시 이야기:첼로] 문태국 Cello 한지호 Piano,,http://www.kumhoarthall.com/designer/skin/01/detail.html?p_idx=22430&s_idx=11&vwY=2020&vwM=08&se_idx=,http://culture.seoul.go.kr/data/ci/20200116144038.jpg,2020-01-16,기관,00:00.0,00:00.0,기타
국악,국악쇼 썬앤문,2017-11-10~2020-08-31,서울중구정동길3 경향아트힐 2층 썬앤문 전용관,,5세이상,VIP석 6만원  R석 5만원  S석 4만원,가야금 병창 - 박나현 서은미  대금- 김한송이 김하연  아쟁 - 조누리 엄희정  해금 - 윤지우  신숙경  장구 - 이미지 선소이  무용- 노원혜 강한나,박칼린 연출 국악쇼 썬앤문  전통적 가치와 현대적 감각의 조화가 이루어진 국악과 일렉트로닉 록 팝 등  다양한 장르의 음악과 홀로그램 퍼포먼스가 결합한 융복합 공연!  국악 가락과 파워풀한 퍼포먼스에 홀로그램 영상과 환상적인 조명이 어우러져  무대를 휘감는 뉴미디어 아트의 진수를 느낄 수 있으며 관객이 일상의 물건으로 소리를 만들고  영상에 소리를 입혀보는 효과음(Foley) 관객참여형 퍼포먼스!   한국의 전통적인 음악의 새로운 시도로 한국인 뿐만 아니라 외국인들도 함께 느끼며 즐길 수 있는 국악공연!  쇼 무대 중심이 화려한 국악퍼포먼스 썬앤문!   편견을 깨고 패러다임을 바꾼 대체 불가능한 국악쇼,,http://showsunnmoon.com/,http://culture.seoul.go.kr/data/ci/20190830103839.jpg,2019-08-30,시민,00:00.0,00:00.0,기타
콘서트,요리하는 마술사,2014-09-13~2025-06-30,맛있는 극장,www.joynchohee.com,24개월 이상,평일 5900원 주말 6900원,마술사 김태훈 마술사 조희 마술사 이원혁 마술사 윤미연 마술사 안영진 마술사 고태선,쿠키만들기 체험과 마술공연이 함께하는 쿠킹매직컬 콘서트!!,1.쿠키만들기 체험 2.직접 마술 배우기 체험 3.신기한 마술공연까지 오감만족 이색 체험 매직컬 요리하는 마술사 요술사 입니다!!,www.joynchohee.com,http://culture.seoul.go.kr/data/ci/20150613172155.jpg,2015-06-13,기관,00:00.0,00:00.0,어린이/청소년 문화행사
콘서트,페인터즈: 히어로,2010-10-01~2020-12-31,서울극장 5층(종로) / 낙원상가 4층(인사동) / 한라아트홀 2층(제주),,남녀노소 누구나 즐길 수 있는 드로잉 공연 24개월 이상 관람 가능,A석 - 40000원 / S석 - 50000원 / V석 - 60000원,지난 5년 간 전 세계인의 상상력과 창의력을 자극한 페인터즈:히어로! 80분간 쉴 새 없이 거듭되는 기발한 반전은 신선한 재미와 감동을 선사해 드릴 것입니다. 4명의 페인터즈가 그려내는 좌충우돌 이야기 속에서 지금껏 보지 못한 최고의 걸작을 만나보세요.,페인터즈: 히어로는 드로잉이라는 소재를 이용하여 어린 시절 꿈꿔오던 영웅들을 코미디 마임으로 유쾌하게 표현한 새로운 형식의 퓨전 아트 퍼포먼스입니다.,[액션드로잉: 히어로]를 탄생시킨 (주)펜타토닉이 제주전용관 오픈과 해외시장 진출의 성공을 기반으로 [페인터즈: 히어로]를 야심차게 완성했습니다. 더욱 강력해진 무대로 더욱 업그레이드된 감동과 즐거움을 느낄 수 있을 것입니다,www.thepainters.co.kr,http://culture.seoul.go.kr/data/ci/20150612141411.jpg,2015-06-12,시민,00:00.0,00:00.0,기타
