서비스구분,서비스ID,대분류명,소분류명,서비스상태,서비스명,결제방법,장소명,서비스대상,바로가기URL,장소X좌표,장소Y좌표,서비스개시시작일시,서비스개시종료일시,접수시작일시,접수종료일시,지역명,주의사항,이미지경로,상세내용,전화번호,서비스이용 시작시간,서비스이용 종료시간,취소기간 기준정보,취소기간 기준일까지
자체,S191210101243218090,문화행사,공연/콘서트,접수종료,버스킹 공연 장소 예약,무료,강남역9번출구 스케치북 no.9 마을마당,제한없음,http://yeyak.seoul.go.kr/reservation/view.web?rsvsvcid=S191210101243218090,37.49826591,127.0268423,00:00.0,00:00.0,00:00.0,00:00.0,서초구,<p class='바탕글'><strong><span style='color: #ff0000; mso-ascii-font-family: 굴림체; mso-hansi-font-family: 굴림체;'><span style='font-family: 돋움체;'><br /><span style='color: #000000;'>1. 공연하시는 분(단체) 이름으로 예약(사용자명과 예약자명이 같아야함)<br /><br />2. 기업홍보 행사성 수익 창출 공연 불가<br /><br /></span></span></span></strong><span style='color: #000000;'><strong><span style='font-family: 돋움체;'>3.&nbsp;시설물(모금함 등) 설치 불가<br /><br /></span></strong><span style='font-family: 돋움체;'>4.&nbsp;앰프 등 음향장비 사용 자제<br /><br /></span></span><span style='color: #0000ff;'><span style='font-family: 돋움체; font-size: 12px; mso-ascii-font-family: 굴림체; mso-hansi-font-family: 굴림체;'><span style='color: #000000;'>5.&nbsp;지정장소에서만 이용가능<br /><br /></span></span></span><span style='color: #0000ff; mso-ascii-font-family: 굴림체; mso-hansi-font-family: 굴림체;'><span style='mso-ascii-font-family: 굴림체; mso-hansi-font-family: 굴림체;'><span style='color: #000000;'>6.&nbsp;이용일 1개월전까지 신청가능(ex 2월1일 이용시 1월1일 이후 신청가능)&nbsp;<br /><br /></span></span></span><span style='color: #0000ff; mso-ascii-font-family: 굴림체; mso-hansi-font-family: 굴림체;'><span style='font-family: 돋움체; font-size: 12px; mso-ascii-font-family: 굴림체; mso-hansi-font-family: 굴림체;'><span style='color: #000000;'>7. 이용시간은 21시까지이며 이용시간은 3시간 이내로 제한<br /><br /></span></span></span><span style='color: #0000ff;'><strong>8.&nbsp;연락불가 소음발생 및 기타 불편을 주는 행위 등으로 민원 발생시 신청을 취소할 수 있음<br /><br /></strong></span><strong><span style='color: #0000ff;'>9.&nbsp;사회적 물의를 일으키는 행위(욕설 음란공연 등)시 공연 즉시 취소 및 향후 이용 불가</span><br /><br /><br /><br /></strong></p> <p class='바탕글'><span style='color: #ff0000; font-family: 바탕; font-size: 14px; font-weight: bold;'>※ 아래 강남역 9 10번출구 사이 &ldquo;바람의언덕&rdquo; 사용은 서초구 문화예술과(02-2155-6207)로 문의하시기 바랍니다.</span></p> <p class='바탕글'><img src='data:image/png;base64iVBORw0KGgoAAAANSUhEUgAAAZUAAADkCAYAAABQUrnrAAAAAXNSR0IArs4c6QAAAARnQU1BAACxjwv8YQUAAAAJcEhZcwAADsMAAA7DAcdvqGQAAP+lSURBVHherP0FmCXHdTaOv8N85w4zwzLzaqWVdlfMsiRLxtiWmfGL48SxvzhxwIljO7Fjpphki2l3tSBpmZmGmecOM/3e99TtmVlZyfP,https://yeyak.seoul.go.kr/fileDownload.web?p=/TB_SVCIMG/2019/12/10/S191210101243218090&n=NUFpa3OB25Ar7B1JczL8Q246s2f3EX&on=untitled.png,<p class='바탕글'>&nbsp;</p> <p class='바탕글'>&nbsp;</p> <p class='바탕글'><br /><!--StartFragment--></p> <p class='0' style='; mso-pagination: none; mso-padding-alt: 0pt 0pt 0pt 0pt;'><span style='color: #f80b06; font-size: 14px;'><span style='mso-fareast-font-family: 함초롬바탕;'>스케치북 </span><span style='letter-spacing: 0pt; font-family: 함초롬바탕; mso-font-width: 100%; mso-text-raise: 0pt;' lang='EN-US'>No.9 </span><span style='mso-fareast-font-family: 함초롬바탕;'>사용 일시중단 안내</span></span></p> <p class='0' style='letter-spacing: 0pt; ; mso-pagination: none; mso-padding-alt: 0pt 0pt 0pt 0pt; mso-font-width: 100%; mso-text-raise: 0pt;'><span style='color: #f80b06;'><span style='letter-spacing: 0pt; mso-fareast-font-family: 함초롬바탕; mso-font-width: 100%; mso-text-raise: 0pt;'>「</span><span style='mso-fareast-font-family: 함초롬바탕;'>신종 코로나바이러스 감염증</span><span style='letter-spacing: 0pt; mso-fareast-font-family: 함초롬바탕; mso-font-width: 100%; mso-text-raise: 0pt;'>」</span><span style='mso-fareast-font-family: 함초롬바탕;'>확산 방지를 위하여 스케치북 </span><span style='letter-spacing: 0pt; font-family: 함초롬바탕; mso-font-width: 100%; mso-text-raise: 0pt;' lang='EN-US'>No.9 </span><span style='mso-fareast-font-family: 함초롬바탕;'>사용을 일시중단 하오니 구민들의 건강과 안전을 위하여 적극 협조하여 주시기 바랍니다</span><span style='letter-spacing: 0pt; font-family: 함초롬바탕; mso-font-width: 100%; mso-text-raise: 0pt;' lang='EN-US'>.<span style='font-family: 함초롬바탕;'><!--[if !supportEmptyParas]--><br /><!--[endif]--></span></span></span></p> <p class='0' style='; mso-pagination: none; mso-padding-alt: 0pt 0pt 0pt 0pt;'><span style='color: #f80b06;'><span style='letter-spacing: 0pt; mso-fareast-font-family: 함초롬바탕; mso-font-width: 100%; mso-text-raise: 0pt;'>○ </span><span style='mso-fareast-font-family: 함초롬바탕;'>중단기간 </span><span style='letter-spacing: 0pt; font-family: 함초롬바탕; mso-font-width: 100%; mso-text-raise: 0pt;' lang='EN-US'>2020. 3. 2(</span><span style='mso-fareast-font-family: 함초롬바탕;'>월</span><span style='letter-spacing: 0pt; font-family: 함초롬바탕; mso,02-2155-6893,11:00,21:00,이용일,0
자체,S191212150329702277,문화행사,전시/관람,접수중,최규하 가옥 전시관람,무료,최규하대통령가옥 ,제한없음,http://yeyak.seoul.go.kr/reservation/view.web?rsvsvcid=S191212150329702277,37.55534021,126.9149255,00:00.0,00:00.0,00:00.0,00:00.0,마포구,눈으로 즐겁게 관람 부탁드립니다. ^^,https://yeyak.seoul.go.kr/fileDownload.web?p=/TB_SVCIMG/2019/12/12/S191212150329702277&n=6Ba7EgRuL28wO55PU918NeP2T4I2qt&on=최규하가옥전경.jpg,<p>최규하대통령가옥 관람 안내 <br /><br /></p> <p>서교동 최규하대통령 가옥은 최규하대통령이 1973년부터 1976년 국무총리에 임명되어 이주하기 전까지 <br />그리고 대통령 퇴임 후 1980년부터 2006년 서거할 때까지 줄곧 거주한 가옥입니다. <br />가옥 자체가 국가등록문화재 제413호로 지정되어 있으며 내부에는 거주 당시 생활 유물들이 원형대로 잘 보존되어 있습니다.</p> <p><br />ㅇ 관람 시간 : 화~일 10:00~18:00 (매주 월요일 1월 1일 설 추석 휴관)&nbsp;</p> <p><br />ㅇ 관람 인원 : 15인 내외</p> <p><br />ㅇ 관 람 료&nbsp;&nbsp; : 무료</p> <p><br />ㅇ 관람 방법 : 사전 예약 및 현장 접수(15인)</p> <p>&nbsp;&nbsp;* 올바른 관람여건 조성과 문화재 관리를 위하여 매회 관람인원을 제한하고 <br />&nbsp;&nbsp;&nbsp;&nbsp; 지정된 시간에 안내해설사의 인솔에 따라 관람하게 됨을 양해바랍니다.</p> <p><br />ㅇ 오시는 길<br />&nbsp;&nbsp; - 버스&nbsp; 271 7013 기업은행 서교동지점(최규하대통령가옥)하차 10분 소요<br />&nbsp;&nbsp;&nbsp;&nbsp;&nbsp;&nbsp;&nbsp;&nbsp;&nbsp;&nbsp;&nbsp;&nbsp; 271 602 603 604 760 57125714 6712 67167612 서교동 예식장타운(최규하대통령가옥) 하차 15분 소요&nbsp; <br />&nbsp;&nbsp; - 전철&nbsp; 2호선 : 합정역 2번출구(도보로 15분)<br />&nbsp;&nbsp;&nbsp;&nbsp;&nbsp;&nbsp;&nbsp;&nbsp;&nbsp;&nbsp;&nbsp;&nbsp; 6호선 : 망원역 1번출구(도보로 10분)&nbsp; * 2번출구는 기업은행 서교동지점 버스정류장과 근거리에 있습니다.<br />&nbsp;&nbsp; - 마을버스&nbsp; 홍대입구역 1번 2번 출구 사이 : 마포15번(서교동주민센터 하차 2정거장 소요) <br />&nbsp;&nbsp;&nbsp;&nbsp;&nbsp;&nbsp;&nbsp;&nbsp;&nbsp;&nbsp;&nbsp;&nbsp;&nbsp;&nbsp;&nbsp;&nbsp;&nbsp;&nbsp; 망원역 2번 출구 : 마포09번(서교동주민센터 하차 3정거장 소요)<br />&nbsp;<br />ㅇ 관람시간 시작 10분 전까지 도착하시기 바라며&nbsp;<br />&nbsp;&nbsp; &nbsp;예약 확인을 위해서 예약증을 출력해 오시거나 출력이 힘드실 경우&nbsp;번호&middot;예약자명&middot;전화번호 등 기입사항을 적어오시기 바랍니다.&nbsp;</p> <p><br />ㅇ 주차공간이 없으니 가능한&nbsp;한&nbsp;대중교통을 이용하시기 바랍니다.&nbsp;아니면 주변 공용주차장을 이용하셔야 합니다.</p> <p><br />ㅇ 문의&nbsp;<br />&nbsp;&nbsp; - 현장&nbsp; &nbsp;관리실 02) 3144-2038<br />&nbsp;&nbsp; - 역사문화재과&nbsp;02) 2133-2628</p>,02-2133-2628,10:00,18:00,이용일,1
자체,S191212154137223185,문화행사,전시/관람,접수중,박정희 가옥 전시관람 ,무료,박정희 대통령 가옥 ,제한없음,http://yeyak.seoul.go.kr/reservation/view.web?rsvsvcid=S191212154137223185,37.56147074,127.0198567,00:00.0,00:00.0,00:00.0,00:00.0,중구,눈으로 즐겁게 관람 부탁드립니다. ^^,https://yeyak.seoul.go.kr/fileDownload.web?p=/TB_SVCIMG/2019/12/12/S191212154137223185&n=qACE5owYpeJ6o729KTJ25UQpNj1Pij&on=_DSC4120.JPG,<p>국가등록문화재 제412호 &lt;박정희 가옥&gt;은 박정희 전 대통령이 1958년 5월부터 1961년 8월 장충동의 국가재건최고회의 의장 공관으로 이주할 때까지 가족과 함께 거주한 집입니다. <br />박정희 전 대통령은 1961년 이 곳에서 우리나라 현대사의 중요 전환점이 된 5.16을 계획하였습니다.<br />이 가옥은 1930년대 후반 조선도시경영주식회사에서 신당동 문화주택지 개발로 조성한 가옥 중 유일하게 남은 가옥으로<br />우리 주거사의 중요한 자료로서 인정받아 국가등록문화재 제412호로 지정되었습니다.&nbsp;<br />&nbsp;</p> <p>ㅇ 관람 시간 : 화~일 10:00~18:00 / 매주 월요일 1월 1일 설날 추석 당일 휴무<br /><br /></p> <p>ㅇ 관람 인원 : 15인 내외<br /><br /></p> <p>ㅇ 관 람 료&nbsp;&nbsp; : 무료<br /><br /></p> <p>ㅇ 관람 방법 : 사전 예약 및 현장 접수(15인)&nbsp;<br />&nbsp;&nbsp; - 올바른 관람여건 조성과 문화재 관리를 위하여 매회 관람인원을 제한하고 지정된 시간에 안내해설사의 인솔 하에 관람하게 됨을 양해바랍니다.<br />&nbsp;&nbsp; - 동반하여 입장하실 인원에 따라 각각 예약을 부탁드립니다.&nbsp;<br />&nbsp;&nbsp; - 어린이를 동반하실 경우 부모님이 인증하시고 현재 1인당 최대 4인까지 예약가능하니 다인가족일 경우 나눠서 예약해 주시면 감사하겠습니다.&nbsp;<br />&nbsp;&nbsp; - 예약은 관람 하루 전 22시에 마감되며 예약 취소는 관람 당일 1일 전에 해 주시고 부득이 당일 취소하실 경우는 연락주십시오.<br />&nbsp;&nbsp; - 달력에 예약이 지난 날짜는 회색으로 예약마감은 적색으로&nbsp;예약가능은 노란색으로 표시됩니다. <br /><br />ㅇ 대중교통 <br />&nbsp;&nbsp; - 버스&nbsp;&nbsp;<br />&nbsp;&nbsp;&nbsp;&nbsp;&nbsp;① 신당역 중앙시장앞&nbsp;&nbsp;&nbsp; 147 202 421 463 2012 2014 2015 2233 6211 / 9403&nbsp;<br />&nbsp;&nbsp;&nbsp;&nbsp;&nbsp;② 충무아트홀 중부소방서 202 421 463 2233&nbsp;&nbsp; <br />&nbsp;&nbsp; - 전철&nbsp;&nbsp;<br />&nbsp;&nbsp;&nbsp;&nbsp;&nbsp;① 2호선 - 신당역 3번 출구(도보로 15분) 왼쪽으로&nbsp;<br />&nbsp;&nbsp;&nbsp;&nbsp;&nbsp;② 6호선 - 신당역 6번 출구(도보로 20분)&nbsp;&nbsp;&nbsp;<br />&nbsp;&nbsp;&nbsp;&nbsp;&nbsp;③ 5호선 - 청구역 2번 출구(도보로 20분) 직진</p> <p>&nbsp; * 전철 출구나 버스 정류장에서 아래 사진과 같은 도로유도표지판을 찾아 보시면 길안내를 받으실 수 있습니다.&nbsp;&nbsp;&nbsp;<br />&nbsp;</p> <p>ㅇ 관람시간 10분 전까지 도착하시기 바라며<br />&nbsp;&nbsp;&nbsp; 예약 확인을 위해서 예약증을 출력해 오시거나 출력이 힘드실 경우&nbsp;번호&middot;예약자명&middot;전화번호 등 기입사항을 적어오시기 바랍니다.</p> <p>&nbsp; * 주차공간이 없으니 대중교통을 이용하시기 바라며<br />&nbsp;&nbsp;&nbsp;&nbsp; 부득이한 경우 5분 거리에 있는 동화동 공영주차장을 이용해 주시기 바랍니다.<br />&nbsp;&nbsp;&nbsp; &nbsp;주차 문의 전화 : 02-2256-1517 2280-8360 /&nbsp;주차요금 5분당 150원 / 토요일은 16시 까지&nbsp;일요일과 공휴일은 휴무</p> <p>&nbsp; * 화장실 이용 안내 : 문화재인 가옥의 보존을 위해 주변 공,02-2133-2628,10:00,18:00,이용일,1
자체,S191227171118881360,문화행사,전시/관람,예약일시중지,2020년 공평도시유적전시관 전시 해설 운영,무료,공평도시유적전시관,제한없음(유아 및 노인 등 노약자 동반시 보호자 필수 참석),http://yeyak.seoul.go.kr/reservation/view.web?rsvsvcid=S191227171118881360,37.57149756,126.9836588,00:00.0,00:00.0,00:00.0,59:00.0,종로구,<!--StartFragment--><!--StartFragment--> <p class='0' style='; mso-pagination: none; mso-padding-alt: 0pt 0pt 0pt 0pt;'><span style='letter-spacing: 0pt; mso-fareast-font-family: 함초롬바탕; mso-font-width: 100%; mso-text-raise: 0pt;' lang='EN-US'>- 전시관 내에서 뛰거나 큰소리로 떠드는 것을 삼가해 주시기 바랍니다. </span></p> <p class='0' style='; mso-pagination: none; mso-padding-alt: 0pt 0pt 0pt 0pt;'><!--[if !supportEmptyParas]-->&nbsp;<!--[endif]--></p> <p class='0' style='; mso-pagination: none; mso-padding-alt: 0pt 0pt 0pt 0pt;'><span style='letter-spacing: 0pt; mso-fareast-font-family: 함초롬바탕; mso-font-width: 100%; mso-text-raise: 0pt;' lang='EN-US'>- 개와 다른&nbsp;애완동물 음식은 박물관 &nbsp;내부로 반입할 수 없습니다.</span></p> <p class='0' style='; mso-pagination: none; mso-padding-alt: 0pt 0pt 0pt 0pt;'><!--[if !supportEmptyParas]-->&nbsp;<!--[endif]--></p> <p class='0' style='; mso-pagination: none; mso-padding-alt: 0pt 0pt 0pt 0pt;'><span style='letter-spacing: 0pt; mso-fareast-font-family: 함초롬바탕; mso-font-width: 100%; mso-text-raise: 0pt;' lang='EN-US'>- 전시관 내부에서 담배나 전자담배 등을 흡연할 수 없습니다. </span></p> <p class='0' style='text-indent: -14.4pt; margin-top: 5pt; margin-left: 14.4pt; ; mso-pagination: none; mso-padding-alt: 0pt 0pt 0pt 0pt;'>&nbsp;</p> <p class='0' style='text-indent: -25.5pt; margin-top: 5pt; margin-left: 25.5pt; ; mso-pagination: none; mso-padding-alt: 0pt 0pt 0pt 0pt;'>&nbsp;</p>,https://yeyak.seoul.go.kr/fileDownload.web?p=/TB_SVCIMG/2019/12/27/S191227171118881360&n=Q985fFlqKaiSnF4v3Wl2dzzf25YE9l&on=전시해설 사진.jpg,<p style='text-align: center;'><span style='font-size: 36px;'><strong>2020년 공평도시유적전시관 <span style='color: #0000ff;'>전시 해설 </span>운영</strong></span></p> <p style='text-align: center;'>&nbsp;</p> <table> <tbody> <tr> <td style='width: 559px; height: 64px;'> <p>○ 위 치 :&nbsp; 서울특별시 종로구 우정국로 26 센트로폴리스 지하 1층</p> <p>○ 관람시간 :&nbsp; 화~일요일 09:00~18:00(월요일 휴관)</p> <p>○ 관 람 료 :&nbsp; 무료</p> </td> </tr> </tbody> </table> <p>&nbsp;</p> <p>■ 공평도시유적전시관은 인구 천만의 국제도시이자 육백년 수도 서울의 중심에서 발굴된 도시유적을 전면 보존한 3817㎡의 국내 최대규모 도시유적전시관입니다.</p> <p><br />■ 아스팔트 아래 묻혀있던 <strong><span style='color: #0000ff;'>16~17세기 한양의 골목길과 건물지를 직접 따라 걸으며 출토된 유물 속에 숨겨진 이야기를 전문 안내원의 해설과 함께 체험할 수 있는 정기 전시 해설 프로그램을 운영</span></strong>합니다.<br /><br /></p> <p>■ 공평도시유적전시관에 오셔서 16~17세기 한양의 골목길과 동네 속으로 타임 슬립하는 기회를 누려보시기 바랍니다.</p> <p><br />■ 운영 개요<br /><br /></p> <p>&nbsp;&nbsp; ○ 운영기간:&nbsp; <strong>2020년 1월 2일(목) ~ 12월 31(목)<br />&nbsp;&nbsp;&nbsp;&nbsp;&nbsp;&nbsp;<br />&nbsp;&nbsp;&nbsp;&nbsp;&nbsp; </strong><strong><span style='color: #ff0000;'><span style='font-size: 14px;'>※ 신종 코로나바이러스 감염증 확산 방지를 위해 2월 11일부터 전시해설을 잠정중단하오니&nbsp;이용에&nbsp;착오 없으시기 바랍니다.</span> <br /><br />&nbsp;&nbsp; ○ 대 상:&nbsp; <strong><span style='color: #0000ff;'><span style='text-decoration: underline;'>제한 없음</span><span style='text-decoration: underline;'>(</span><span style='text-decoration: underline;'>어린이 및 노약자 방문시 보호자 동반 필수</span><span style='text-decoration: underline;'>)</span></span></strong></span></strong></p> <p>&nbsp;&nbsp; ○ 해설정원</p> <p>&nbsp;&nbsp;&nbsp;&nbsp;&nbsp; &nbsp;- 개 인:&nbsp; <strong><span style='color: #0000ff;'>각 회차별 15명 정원</span></strong></p> <p>&nbsp;&nbsp;&nbsp;&nbsp;&nbsp;&nbsp; -&nbsp;단 체: &nbsp;<span style='color: #0000ff;'><strong>30명 정원(30명은 안내원 1인당 15명씩 2파트로 나누어 운영)</strong></span></p> <p>&nbsp;&nbsp; ○ 장 소:&nbsp; 센트로폴리스 빌딩 지하1층 공평도시유적전시관 입구 안내데스크 앞</p> <p>&nbsp;&nbsp; ○ 전시 해설 일정</p> <p>&nbsp;&nbsp;&nbsp;&nbsp;&nbsp; &nbsp;-<strong> 한국어 정기해설 :&nbsp; <span style='text-decoration: underline;,02-724-0215 0135,11:00,16:40,이용일,1
자체,S200407110732472744,문화행사,행사/대회,접수중,2020년 서울숲공원 일시적 장소사용,유료,서울숲,제한없음,http://yeyak.seoul.go.kr/reservation/view.web?rsvsvcid=S200407110732472744,,,00:00.0,00:00.0,00:00.0,00:00.0,성동구,<p>※서울숲공원 장소대관은 서울숲컨서번시 홈페이지(<a href='https://seoulforest.or.kr/info/facility' data-cke-saved-href='https://seoulforest.or.kr/info/facility'>https://seoulforest.or.kr/info/facility</a>)를 참고해주세요.</p>,https://yeyak.seoul.go.kr/fileDownload.web?p=/TB_SVCIMG/2020/04/07/S200407110732472744&n=biYYpXJ121ZHVu56RTF3DnTE73Vmt6&on=가족마당1.jpg,<p><strong>서울숲공원 일시적 장소사용&nbsp;기승인 된 행사 건에 관한 결제창입니다.</strong></p> <p>&nbsp;</p> <p><strong>결제방법</strong></p> <p><strong>예약신청하기 &gt; 날짜/회차선택: </strong>대관일(첫째날)<strong> &gt; 인원/수량입력:&nbsp;</strong>부여받은 대상의 이용료 확인 후 팀선택<strong>&nbsp;&nbsp;<strong>&gt; 이용자정보입력 &gt; 신청완료 &gt; 마이페이지 결제하기</strong></strong><strong><br /></strong></p> <p>&nbsp;</p>,02-460-2930,0:00,21:00,이용일,10
자체,S200504150043561344,문화행사,전시/관람,접수중,한양도성박물관 사전예약 관람 신청,무료,한양도성박물관,제한없음,http://yeyak.seoul.go.kr/reservation/view.web?rsvsvcid=S200504150043561344,37.57285709,127.0085126,00:00.0,00:00.0,00:00.0,58:00.0,종로구,-아이디 1개당 최대 2명까지 예약 가능합니다.<br />-관람을 원하시는 분은 개별 예약 부탁드립니다.<br />-마스크를 착용한 개인 입장만 관람하실 수 있습니다.(단체 불가)<br />-사전예약 관람 기간 중에는 전시해설은 진행하지 않습니다.<br /><br />,https://yeyak.seoul.go.kr/fileDownload.web?p=/TB_SVCIMG/2020/05/04/S200504150043561344&n=4s2KPs5IOz318dei42k9Ffr6ljygz1&on=2N4A7117-1.JPG,<p class='0' style='mso-pagination: none; mso-padding-alt: 0pt 0pt 0pt 0pt;'>&nbsp;</p> <p class='0' style='mso-pagination: none; mso-padding-alt: 0pt 0pt 0pt 0pt;'>&nbsp;<span style='font-size: 16px;'><span style='font-size: 24px;'><br /><strong>한양도성박물관&nbsp;<span style='color: #3366ff;'> &lt;사전예약 관람&gt;</span> 신청 안내</strong></span></span></p> <p><br /><br /><br /></p> <p class='0' style='mso-pagination: none; mso-padding-alt: 0pt 0pt 0pt 0pt;'>&nbsp;</p> <p><br /><span style='font-size: 16px;'>코로나-19 확산 방지를 위해 임시휴관이던 한양도성박물관이 사전관람예약제를 통해 다시 문을 엽니다. </span><br /><span style='font-size: 16px;'>대면접촉에 대한 불안감 없는 전시관람 서비스를 아래와 같이 제공하고자 합니다.<br /><br />관람객 신원확인과 관람인원 제한을 위해 아이디 1개 당 1~2명을 예약 할 수 있습니다.</span>&nbsp;<br /><span style='font-size: 16px;'>코로나-19 추이에 따라 운영횟수와 관람인원이&nbsp;조정될 수 있습니다.&nbsp;</span></p> <p class='1' style='line-height: 150%; -ms-layout-grid-mode: both; mso-pagination: none; mso-padding-alt: 0pt 0pt 0pt 0pt;'>&nbsp;</p> <p><span style='font-size: 16px;'><span style='color: #0000ff; letter-spacing: -0.4pt; font-family: 신명 견고딕; font-size: 17pt; mso-fareast-font-family: 신명 견고딕; mso-hansi-font-family: 신명 견고딕; mso-font-width: 96%; mso-text-raise: 0pt;'>? </span><strong><span style='color: #0000ff;'>운영 내용</span><br /></strong></span><br /><span style='font-size: 16px;'>&nbsp;- 운영기간 : 7월 22일(수) ~ 별도 안내 시까지</span><br /><span style='font-size: 16px;'>&nbsp;- 운영횟수 : 일 3회 (오전/오후) <span style='color: #ff0000;'>* <span style='text-decoration: underline;'>개인접수만 가능&nbsp;단체 입장은 제한</span></span></span><br /><span style='font-size: 16px;'>&nbsp;- 운영시간 : 회당 2시간(10시~12시/ 13시~15시/ 16시~18시)</span><br /><span style='font-size: 16px;'>&nbsp;- 수용인원 : 일 최대 120명까지 &nbsp;(회당 40명)</span><br /><span style='font-size: 16px;'>&nbsp;- 관람범위 : 한양도성박물관 상설 및 기획전시실(1~3층)<br /></span>&nbsp;<br /><br /><br /><span style='font-size: 16px;'><span style='color: #000000;'><span style='color: #0000ff; letter-spacing: -0.4pt; font-family: 신명 견고딕; font-size: 17pt; mso-fareast-font-family: ,02-724-0243,10:00,18:00,이용일,1
자체,S200504173712757413,문화행사,전시/관람,접수중,서울역사박물관(본관) 사전예약관람,무료,서울역사박물관,제한없음,http://yeyak.seoul.go.kr/reservation/view.web?rsvsvcid=S200504173712757413,37.57050028,126.9703743,00:00.0,00:00.0,00:00.0,00:00.0,종로구,관람수칙 준수 부탁드립니다.,https://yeyak.seoul.go.kr/fileDownload.web?p=/TB_SVCIMG/2020/05/04/S200504173712757413&n=FcHt8wD7K8wHwdsz5f5QTW6Y15dQxH&on=문학 포스터.png,<!--StartFragment--> <p class='0' style='margin-left: 25.1pt; text-indent: -25.1pt; layout-grid-mode: none; mso-pagination: none; text-autospace: none; mso-padding-alt: 0pt 0pt 0pt 0pt; mso-font-width: 96%; letter-spacing: -0.4pt;'><span style='font-size: 12px;'><span style='font-size: 16px;'><strong><span style='mso-fareast-font-family: 함초롬바탕; mso-font-width: 96%; letter-spacing: -0.6pt;'>서울역사박물관이 </span><span style='mso-fareast-font-family: 함초롬바탕; mso-font-width: 96%; letter-spacing: -0.4pt;'>오는 </span><span style='font-family: 함초롬바탕; mso-font-width: 96%; letter-spacing: -0.4pt; mso-text-raise: 0pt;' lang='EN-US'>8.4.(</span><span style='mso-fareast-font-family: 함초롬바탕; mso-font-width: 96%; letter-spacing: -0.4pt;'>화</span><span style='font-family: 함초롬바탕; mso-font-width: 96%; letter-spacing: -0.4pt; mso-text-raise: 0pt;' lang='EN-US'>)</span><span style='mso-fareast-font-family: 함초롬바탕; mso-font-width: 96%; letter-spacing: -0.4pt;'>부터 </span><span style='mso-fareast-font-family: 함초롬바탕; mso-font-width: 96%; letter-spacing: -0.6pt;'>사전예약제를 확대 운영합니다</span></strong></span><span style='font-family: 함초롬바탕; mso-font-width: 96%; letter-spacing: -0.6pt; mso-text-raise: 0pt;' lang='EN-US'><span style='font-size: 16px;'><strong>.</strong></span><br /><br /> </span></span></p> <p class='0'><span style='font-size: 12px;'><strong><span style='mso-fareast-font-family: 함초롬바탕; mso-font-width: 100%; letter-spacing: 0pt; mso-text-raise: 0pt;'>○ </span>관람시간 </strong><span style='font-family: 함초롬바탕; mso-font-width: 100%; letter-spacing: 0pt; mso-text-raise: 0pt;' lang='EN-US'><strong>:</strong> </span>일<span style='font-family: 함초롬바탕; mso-font-width: 100%; letter-spacing: 0pt; mso-text-raise: 0pt;' lang='EN-US'>3</span>회<span style='font-family: 함초롬바탕; mso-font-width: 100%; letter-spacing: 0pt; mso-text-raise: 0pt;' lang='EN-US'>(10</span>시<span style='font-family: 함초롬바탕; mso-font-width: 100%; letter-spacing: 0pt; mso-text-raise: 0pt;' lang='EN-US'>~12</span>시<span style='font-family:,02-724-0274~6,10:00,18:00,이용일,1
자체,S200504190119231492,문화행사,전시/관람,접수중,돈의문역사관 사전예약관람,무료,돈의문전시관,제한없음,http://yeyak.seoul.go.kr/reservation/view.web?rsvsvcid=S200504190119231492,37.56903316,126.9692203,00:00.0,00:00.0,00:00.0,59:00.0,종로구,<p class='0' style='margin: 0px; padding: 0px; border: 0px; color: #717171; font-family: 돋움 verdana; letter-spacing: 0pt;'><span style='margin: 0px; padding: 0px; border: 0px; letter-spacing: 0pt; font-family: 함초롬바탕;' lang='EN-US'>-&nbsp;</span><span style='margin: 0px; padding: 0px; border: 0px;'>입장 전 반드시 마스크를 착용해야 하며 신원확인 및 방역조치에 협조하여 주시기 바랍니다</span><span style='margin: 0px; padding: 0px; border: 0px; letter-spacing: 0pt; font-family: 함초롬바탕;' lang='EN-US'>.</span></p> <p class='0' style='margin: 0px; padding: 0px; border: 0px; color: #717171; font-family: 돋움 verdana;'><span style='margin: 0px; padding: 0px; border: 0px; letter-spacing: 0pt; font-family: 함초롬바탕;' lang='EN-US'>(</span><span style='margin: 0px; padding: 0px; border: 0px;'>의심증상 확인 및 방역 비협조 시 입장이 거부될 수 있습니다</span><span style='margin: 0px; padding: 0px; border: 0px; letter-spacing: 0pt; font-family: 함초롬바탕;' lang='EN-US'>)</span></p>,https://yeyak.seoul.go.kr/fileDownload.web?p=/TB_SVCIMG/2020/05/04/S200504190119231492&n=K7KL7sg13pOYORI8NPs5Bj95lQOQbk&on=제목 없음.jpg,<ul style='margin: 0px; padding: 0px 0px 0px 10px; border: 0px; list-style: none; color: #717171; font-family: 돋움 verdana;'> <li style='margin: 0px; padding: 0px 0px 35px; border: 0px;'> <h4 style='margin: 0px; padding: 0px 0px 12px; border: 0px; font-size: 12px; line-height: 1; color: #5a709f;'>1. 공공시설 예약서비스 이용시 필수 준수사항</h4> <p style='margin: 0px; padding: 0px; border: 0px;'>모든 서비스의 이용은 담당 기관의 규정에 따릅니다. 각 시설의 규정 및 허가조건을 반드시 준수하여야 합니다.<br style='margin: 0px; padding: 0px;' />각 관리기관의 시설물과 부대시설을 이용함에 있어 담당자들과 협의 후 사용합니다.<br style='margin: 0px; padding: 0px;' />각 관리기관의 사고 발생시 서울시청에서는 어떠한 책임도 지지않습니다.<br style='margin: 0px; padding: 0px;' />시설이용료 납부는 각 관리기관에서 규정에 준 합니다.<br style='margin: 0px; padding: 0px;' />본 사이트와 각 관리기관의 규정을 위반할시에는 시설이용 취소 및 시설이용 불허의 조치를 취할 수 있습니다.<br style='margin: 0px; padding: 0px;' />접수시간을 기준으로 브라우저에서 새로고침을 하면 변경된 정보를 볼 수 있습니다.</p> </li> <li style='margin: 0px; padding: 0px 0px 35px; border: 0px;'> <h4 style='margin: 0px; padding: 0px 0px 12px; border: 0px; font-size: 12px; line-height: 1; color: #5a709f;'>2. 시설예약</h4> <p style='margin: 0px; padding: 0px; border: 0px;'>비회원일 경우에는 실명 확인을 통하여 사용하실 수 있으며 서울시 통합 회원에 가입 하시게 되면 서울시에서 제공하는 다양하고 많은 혜택을 받으실 수 있습니다.</p> </li> <li style='margin: 0px; padding: 0px 0px 35px; border: 0px;'> <h4 style='margin: 0px; padding: 0px 0px 12px; border: 0px; font-size: 12px; line-height: 1; color: #5a709f;'>3. 상세내용</h4> <p style='margin: 0px; padding: 0px; border: 0px;'>&nbsp;</p> <p class='0' style='margin: 0px; padding: 0px; border: 0px;'><strong style='margin: 0px; padding: 0px;'>돈의문역사관&nbsp;사전예약관람 안내</strong></p> <p class='0' style='margin: 0px 0px 0px 25.1pt; padding: 0px; border: 0px; text-indent: -25.1pt; letter-spacing: -0.4pt;'><br style='margin: 0px; padding: 0px;' /><br style='margin: 0px; padding: 0px;' />돈의문역사관이&nbsp;오는&nbsp;7.22.(수)부터&nbsp;사전예약제를 통해 여러분과 다시 만납니다.<br style='margin: 0px; padding: 0px;' /><br style='margin: 0px; padding: 0px;' /></p> <p class='0' style='margin: 0px 0px 0px 22.9p,02-724-0271,10:00,18:00,이용일,2
자체,S200508133921446808,문화행사,전시/관람,접수중,서울도시건축전시장,무료,서울 도시건축전시관>서울도시건축전시장,제한없음,http://yeyak.seoul.go.kr/reservation/view.web?rsvsvcid=S200508133921446808,37.56688375,126.9767024,00:00.0,00:00.0,00:00.0,00:00.0,중구,<p class='1' style='text-indent: -67pt; margin-left: 67pt; ; mso-pagination: none; mso-padding-alt: 0pt 0pt 0pt 0pt; mso-list: l0 level1 lfo1;'><span style='mso-fareast-font-family: 신명 태명조;'>1. 전시관 입장 시 반드시 신분증을 지참하여 주시기 바랍니다.<br /></span></p> <p class='1' style='text-indent: -67pt; margin-left: 67pt; ; mso-pagination: none; mso-padding-alt: 0pt 0pt 0pt 0pt; mso-list: l2 level1 lfo3;'>2. <span style='mso-fareast-font-family: 나눔바른고딕;'>전시관 입장 시 생활 방역을 위한 발열 체크와 마스크 착용 확인이 진행됩니다</span><span style='letter-spacing: 0pt; mso-fareast-font-family: 나눔바른고딕; mso-ascii-font-family: 나눔바른고딕; mso-font-width: 100%; mso-text-raise: 0pt;' lang='EN-US'>.</span></p> <p class='1' style='text-indent: -67pt; margin-left: 67pt; ; mso-pagination: none; mso-padding-alt: 0pt 0pt 0pt 0pt; mso-list: l2 level1 lfo3;'><span style='mso-fareast-font-family: 신명 태명조;'>3. 관내에서는 반드시 마스크를 착용하고 손 소독제를 사용하여 주시기 바랍니다.</span></p> <p class='1' style='text-indent: -67pt; margin-left: 67pt; ; mso-pagination: none; mso-padding-alt: 0pt 0pt 0pt 0pt; mso-list: l3 level1 lfo4;'><span style='mso-fareast-font-family: 신명 태명조;'>4. 발열 및 호흡기 증상이 확인되거나 마스크 착용을 거부할 시 입장이 불가함을 알려드립니다.<br /><br /><br /></span></p> <div id='hwpEditorBoardContent' class='hwp_editor_board_content' data-hjsonver='1.0' data-jsonlen='9729'><!--[data-hwpjson]{ 'documentPr': { 'di': '' 'dp': { 'dn': 'test.hwp' 'ta': 1 'd1': 5 'd2': 1 'dv': 0 'dr': 1 'do': 1 'vj': '1.1' 'an': 'Hancom Office Hangul' 'av': '10 0 0 8223' 'ao': 'WIN' 'ab': '32' 'ar': 'LE' 'as': 'Windows_8' } 'dis': false 'ds': { 'ti': '' 'la': 'ko' 'cr': '' 'su': '' 'de': '' 'cd': '2020-05-08T14:03:09.285Z' 'md': '1601-01-01T09:00:00.000Z' 'pd': '1601-01-01T09:00:00.000Z' 'ke': '' } } 'dh': { 'do': { 'pa': 1 'fo': 1 'en': 1 'pi': 1 'tb': 1 'eq': 1 } 'fo': [ ] 'cd': { 'tp': 0 'lc': { 'af': false 'ui': false 'fu': false 'dn': false 'ul': false 'el': false 'at': false 'tq': false 'da': fals,https://yeyak.seoul.go.kr/fileDownload.web?p=/TB_SVCIMG/2020/05/08/S200508133921446808&n=99ry1wZe54szLHjiwPz9XUv1tfYDPX&on=재개관_대표이미지.jpg,국내 최초의 도시건축전문전시관으로 서울의 시간을 따라가며 미래를 공유하고 시민들과 서울의 숨결을 이야기하며 공유하는 공간입니다. 서울의 어제와 오늘을 기록하고 내일을 함께 만들어 갈 여러분을 기다립니다.<br /><br />온라인 사전예약 기간 관람은 본 서비스를 통한 예약확정 문자 또는 예약확인증 출력 후 제시하시면 입장 가능합니다.<br /><br /> <div> <div>*서울도시건축비엔날레 도시전 리뷰전 '행동하는 도시-City as Verb' 도슨트 안내</div> <div>&nbsp;여러분의 성원에 힘입어 7월 21일 화요일부터 1일 1회 도슨트를 진행합니다.&nbsp;</div> <div>&nbsp;원하시는 분은 2회차(13-15시) 예약 및 방문 부탁드립니다.</div> <div>&nbsp;본 도슨트는 14-14시 20분까지 약 20분간 진행되며 해당 회차 방문 시 인포데스크에 미리 말씀해주시기 바랍니다.</div> <div>&nbsp;해당 시간에 지하1층 인포데스크로 오시면 프로그램에 함께 하실 수 있습니다.</div> <div>&nbsp;</div> <div>&nbsp;문의: 서울도시건축전시관 02-736-8050</div> </div>,27368050,10:00,19:00,이용일,0
자체,S200512130024511486,문화행사,전시/관람,접수중,동대문운동장기념관 사전예약 관람 신청,무료,동대문역사문화공원,제한없음,http://yeyak.seoul.go.kr/reservation/view.web?rsvsvcid=S200512130024511486,37.56681313,127.0096257,00:00.0,00:00.0,00:00.0,58:00.0,중구,-아이디 1개당 1~2명만 예약 가능합니다.<br />-관람을 원하시는 분은 개별 예약 부탁드립니다.<br />-마스크를 착용한 개인 입장만 관람하실 수 있습니다.(단체 불가)<br />-사전예약 관람 기간 중에는 전시해설은 진행하지 않습니다.,https://yeyak.seoul.go.kr/fileDownload.web?p=/TB_SVCIMG/2020/05/12/S200512130024511486&n=jgcO7fE5g38N2QKJ1q9bP6cRCFBH4M&on=동대문운동장기념관_국영문.jpg,<p><span style='font-size: 24px;'><strong>&nbsp;</strong></span></p> <p class='0' style='mso-pagination: none; mso-padding-alt: 0pt 0pt 0pt 0pt;'>&nbsp;</p> <p class='0' style='mso-pagination: none; mso-padding-alt: 0pt 0pt 0pt 0pt;'><br /><br /><span style='font-size: 16px;'><strong>동대문운동장기념관&nbsp;<span style='color: #3366ff;'> &lt;사전예약 관람&gt;</span> 신청 안내</strong></span></p> <p><br /><br /><br /></p> <p><br /><span style='font-size: 16px;'>코로나-19 확산 방지를 위해 임시휴관이던 동대문운동장기념관이 사전관람예약제를 통해 다시 문을 엽니다. </span><br /><span style='font-size: 16px;'><br />관람객 신원확인과 관람인원 제한을 위해 아이디 1개 당 1~2명만 예약 할 수 있습니다.</span>&nbsp;</p> <p class='1' style='line-height: 150%; -ms-layout-grid-mode: both; mso-pagination: none; mso-padding-alt: 0pt 0pt 0pt 0pt;'>&nbsp;</p> <p><span style='font-size: 16px;'><span style='color: #0000ff; letter-spacing: -0.4pt; font-family: 신명 견고딕; font-size: 17pt; mso-fareast-font-family: 신명 견고딕; mso-hansi-font-family: 신명 견고딕; mso-font-width: 96%; mso-text-raise: 0pt;'>? </span><strong><span style='color: #0000ff;'>운영 내용</span><br /></strong></span><br /><span style='font-size: 16px;'>&nbsp;- 운영기간 :&nbsp;7월 22일(수) ~&nbsp;별도 안내 시까지</span><br /><span style='font-size: 16px;'>&nbsp;- 운영횟수 : 일 3회 (오전/오후) <span style='color: #ff0000;'>* <span style='text-decoration: underline;'>개인접수만 가능&nbsp;단체 입장은 제한</span></span></span><br /><span style='font-size: 16px;'>&nbsp;- 운영시간 : 회당 2시간(10시~12시/ 13시~15시/ 16시~18시)</span><br /><span style='font-size: 16px;'>&nbsp;- 수용인원 : 일 최대 60명까지 &nbsp;(회당 20명)</span><br /><span style='font-size: 16px;'>&nbsp;- 관람범위 : 동대문운동장기념관<br /></span>&nbsp;<br /><br /><br /><span style='font-size: 16px;'><span style='color: #000000;'><span style='color: #0000ff; letter-spacing: -0.4pt; font-family: 신명 견고딕; font-size: 17pt; mso-fareast-font-family: 신명 견고딕; mso-hansi-font-family: 신명 견고딕; mso-font-width: 96%; mso-text-raise: 0pt;'>? </span><strong><span style='color: #0000ff;'>관람 수칙</span><br /><br /></strong></span></span><span style='font-size: ,-,0:00,18:00,이용일,1
자체,S200527160254101846,문화행사,전시/관람,접수중,(7.22~8.23)서울생활사박물관 어린이체험실 사전예약 관람 신청,무료,서울생활사박물관,제한없음,http://yeyak.seoul.go.kr/reservation/view.web?rsvsvcid=S200527160254101846,37.620174,127.0769385,00:00.0,00:00.0,00:00.0,00:00.0,노원구,<!--StartFragment--> <p class='0' style='line-height: 120%; ; mso-pagination: none; mso-padding-alt: 0pt 0pt 0pt 0pt;'><span style='letter-spacing: 0pt; font-family: 굴림; font-size: 12pt; font-weight: bold; mso-fareast-font-family: 굴림; mso-ascii-font-family: 굴림; mso-font-width: 100%; mso-text-raise: 0pt;' lang='EN-US'>- </span><span style='font-family: 굴림; font-size: 12pt; mso-fareast-font-family: 굴림;'>관람객 신원 확인을 위해서 </span><span style='color: #ff0000; font-family: 굴림; font-size: 12pt; font-weight: bold; mso-fareast-font-family: 굴림;'>아이디 </span><span style='color: #ff0000; letter-spacing: 0pt; font-family: 굴림; font-size: 12pt; font-weight: bold; mso-fareast-font-family: 굴림; mso-ascii-font-family: 굴림; mso-font-width: 100%; mso-text-raise: 0pt;' lang='EN-US'>1</span><span style='color: #ff0000; font-family: 굴림; font-size: 12pt; font-weight: bold; mso-fareast-font-family: 굴림;'>개당 4</span><span style='color: #ff0000; font-family: 굴림; font-size: 12pt; font-weight: bold; mso-fareast-font-family: 굴림;'>명까지 예약</span><span style='font-family: 굴림; font-size: 12pt; mso-fareast-font-family: 굴림;'>가능합니다</span><span style='letter-spacing: 0pt; font-family: 굴림; font-size: 12pt; mso-fareast-font-family: 굴림; mso-ascii-font-family: 굴림; mso-font-width: 100%; mso-text-raise: 0pt;' lang='EN-US'>.</span><br /><br />&nbsp;<span style='letter-spacing: 0pt; font-family: 굴림; font-size: 12pt; mso-fareast-font-family: 굴림; mso-ascii-font-family: 굴림; mso-font-width: 100%; mso-text-raise: 0pt;' lang='EN-US'>- </span><span style='font-family: 굴림; font-size: 12pt; mso-fareast-font-family: 굴림;'>어린이체험실은 어린이만 입장이 불가하며</span><span style='letter-spacing: 0pt; font-family: 굴림; font-size: 12pt; mso-fareast-font-family: 굴림; mso-ascii-font-family: 굴림; mso-font-width: 100%; mso-text-raise: 0pt;' lang='EN-US'> </span><span style='font-family: 굴림; font-size: 12pt; mso-fareast-font-family: 굴림;'>보호자가 동반해야 합니다</span><span style='letter-spacing: 0pt; font-family: 굴림; font-size: 12pt; mso-fareast-font-family: 굴림; ms,https://yeyak.seoul.go.kr/fileDownload.web?p=/TB_SVCIMG/2020/05/27/S200527160254101846&n=PMi82KLEJ77Zi91gAFFLt6OEJ1V4lp&on=어린이전시실 2.jpg,<span style='font-size: 16px;'><span style='font-size: 16px;'><span style='font-size: 24px;'><!--StartFragment--></span></span></span> <p class='0' style='line-height: 120%; ; mso-pagination: none; mso-padding-alt: 0pt 0pt 0pt 0pt;'><span style='font-size: 24px;'><span style='color: #ff0000; letter-spacing: 0pt; font-family: 굴림; font-weight: bold; mso-fareast-font-family: 굴림; mso-ascii-font-family: 굴림; mso-font-width: 100%; mso-text-raise: 0pt;' lang='EN-US'>[</span><span style='color: #ff0000; font-family: 굴림; font-weight: bold; mso-fareast-font-family: 굴림;'>재개관</span><span style='color: #ff0000; letter-spacing: 0pt; font-family: 굴림; font-weight: bold; mso-fareast-font-family: 굴림; mso-ascii-font-family: 굴림; mso-font-width: 100%; mso-text-raise: 0pt;' lang='EN-US'>]</span><span style='font-family: 굴림; font-weight: bold; mso-fareast-font-family: 굴림;'>서울생활사박물관 어린이체험실</span><span style='letter-spacing: 0pt; font-family: 굴림; font-weight: bold; mso-fareast-font-family: 굴림; mso-ascii-font-family: 굴림; mso-font-width: 100%; mso-text-raise: 0pt;' lang='EN-US'>&nbsp;</span><span style='color: #3366ff; letter-spacing: 0pt; font-family: 굴림; font-weight: bold; mso-fareast-font-family: 굴림; mso-ascii-font-family: 굴림; mso-font-width: 100%; mso-text-raise: 0pt;' lang='EN-US'>&lt;</span><span style='color: #3366ff; font-family: 굴림; font-weight: bold; mso-fareast-font-family: 굴림;'>사전예약 관람</span><span style='color: #3366ff; letter-spacing: 0pt; font-family: 굴림; font-weight: bold; mso-fareast-font-family: 굴림; mso-ascii-font-family: 굴림; mso-font-width: 100%; mso-text-raise: 0pt;' lang='EN-US'>&gt;</span><span style='font-family: 굴림; font-weight: bold; mso-fareast-font-family: 굴림;'>신청 안내<br /></span></span><br />&nbsp;<br /> <span style='font-size: 24px;'><span style='font-family: 굴림; mso-fareast-font-family: 굴림;'>서울생활사박물관 어린이체험실이</span><span style='font-family: 굴림; mso-fareast-font-family: 굴림;'>사전예약 관람제를 통해 다시 문을 엽니다</span><span style='letter-spacing: 0pt; font-family: 굴림; mso-fareast-f,02-3399-2900,10:00,18:00,이용일,1
자체,S200629201506114810,문화행사,행사/대회,접수중,(토)2020 서울문학기행,무료,서울시청,제한없음,http://yeyak.seoul.go.kr/reservation/view.web?rsvsvcid=S200629201506114810,,,00:00.0,00:00.0,00:00.0,00:00.0,중구,서울문학기행 관련 주의사항 입니다<br /><br />1. 매회당 인원은 20명 선착순 마감입니다. 안전을 위해 현장 접수 불가입니다<br />2. 취소는 주최측으로 전화연락 주시기 바랍니다(02-772-9069)<br />3. 공지사항은 (사)서울도시문화연구원 홈페이지 참고하시기 바랍니다(<a href='http://www.seoulresearch.co.kr'>www.seoulresearch.co.kr</a>),https://yeyak.seoul.go.kr/fileDownload.web?p=/TB_SVCIMG/2020/06/29/S200629201506114810&n=5T35VYpa8fEL9YbC3g2DYGP1Fefzpz&on=문학기행 홍보용배너.jpg,<div style='margin: 0px; padding: 0px; border: 0px; outline: 0px; font-variant-numeric: inherit; font-variant-east-asian: inherit; font-stretch: inherit; font-size: 13.3333px; line-height: inherit; font-family: 돋움; vertical-align: baseline; min-height: 20px; text-align: left;'><span style='font-size: 16px;'><strong><span style='font-size: 16px;'><span style='font-size: 16px;'>&nbsp; &nbsp; &nbsp; &nbsp; &nbsp; &nbsp; &nbsp; &lt;알려드립니다&gt;<br /></span><br /></span></strong></span></div> <p><span style='font-size: 16px;'><strong><span>&lt;예약 안내&gt;</span></strong></span><br /><br /><span style='font-size: 16px;'>문학작품 속 서울을 찾아 2020 서울문학기행 참여자를 모집합니다^^</span><br /><br /></p> <p>서울의 역사와 &nbsp;문화를 배경으로 만들어내는 문학작품 속의 서울을 찾아가는 문학여행 &lt;서울문학기행&gt;을 함께 하고싶은 분들의 신청을 기다립니다.</p> <p>올해는 코로나19로 회당 <span style='font-size: 16px;'><span style='font-size: 16px;'><strong>참여인원이 20명</strong></span></span> 으로 제한됩니다. 바이러스 감염의 가능성을 차단하고자 현장 해설 청취는 실시간 유튜브 방송을 통해 진행될 예정이며 <br /><br />직접 참여하지 못하는 시민들은 유튜브로도 시청이 가능합니다.<span style='font-size: 16px;'> (유튜브-서울도시문화연구원 검색-어반티비)</span></p> <p>&diams; 일&nbsp;&nbsp;&nbsp;&nbsp;&nbsp; 시 : 7.11.(토) ~ 10.3. (토) 15 시 ~ 18시 / 야간기행( 7.25.(토) 8.1.(토)) 18시 ~ 21시</p> <p>&diams; 신청방법 : 일정표에서 신청기간 확인 (월요일 오전 9시 부터 선착순 마감)</p> <p>&nbsp;&nbsp;&nbsp;&nbsp;&nbsp;&nbsp;&nbsp;&nbsp;&nbsp;&nbsp;&nbsp;&nbsp;&nbsp;&nbsp;&nbsp;&nbsp;&nbsp;&nbsp; 서울시 공공서비스예약에서 신청<a title='서울시 공공서비스예약' href='/'>(https://yeyak.seoul.go.kr)</a></p> <p>&diams; 참가인원 : <strong><span style='font-size: 16px;'>매회 선착순 20명</span></strong> (서울시민 누구나 신청가능) <span style='font-size: 16px;'>&rarr; 현장접수 불가</span></p> <p>&diams; 준비물 : 휴대폰과 이어폰</p> <p>&diams; 문의처 : 사단법인 서울도시문화연구원 (<a title='서울도시문화연구원' href='http://www.seoulresearch.co.kr/'>http://www.seoulresearch.co.kr/</a>) /02-772-9069</p> <p>&diams; <span style='font-size: 16px;'><strong><span style='font-size: 16px;'>신청되신 분께는 모이는 장소를 문자로 알려드립니다</span></strong></span></p> <p>&diams; 서울문학기행 일정표(안)</p> <p>&nbsp;</p> <p>&lt;일정 및 해설사는 주관사측 사정에,02-772-9069,15:00,21:00,,
자체,S200709164557316934,문화행사,행사/대회,접수종료,서울식물원 여름 특별 프로그램 '비밀의 정원 산책',유료,서울식물원,제한없음,http://yeyak.seoul.go.kr/reservation/view.web?rsvsvcid=S200709164557316934,37.57224531,126.8328417,00:00.0,00:00.0,00:00.0,00:00.0,강서구,<!--StartFragment--> <p class='0' style='line-height: 180%; letter-spacing: 0pt; mso-pagination: none; mso-padding-alt: 0pt 0pt 0pt 0pt; mso-font-width: 100%; mso-text-raise: 0pt;'><span style='color: #008000; font-family: 굴림체; font-size: 14px;'><span style='letter-spacing: 0pt; mso-font-width: 100%; mso-text-raise: 0pt;' lang='EN-US'>- 36</span><span style='mso-fareast-font-family: 함초롬바탕;'>개월 미만 유아는 결제 시<strong> <span style='text-decoration: underline;'>인원수에 포함하지 않으셔도 됩니다</span></strong></span><span style='letter-spacing: 0pt; mso-font-width: 100%; mso-text-raise: 0pt;' lang='EN-US'>(</span><span style='mso-fareast-font-family: 함초롬바탕;'>행사 당일 주민등록등본 등 증빙 서류 확인</span><span style='letter-spacing: 0pt; mso-font-width: 100%; mso-text-raise: 0pt;' lang='EN-US'>)<!--[if !supportEmptyParas]--><!--[endif]-->&nbsp;</span></span></p> <p class='0' style='line-height: 180%; letter-spacing: 0pt; mso-pagination: none; mso-padding-alt: 0pt 0pt 0pt 0pt; mso-font-width: 100%; mso-text-raise: 0pt;'><span style='color: #008000; font-family: 굴림체; font-size: 14px;'><span style='letter-spacing: 0pt; mso-font-width: 100%; mso-text-raise: 0pt;' lang='EN-US'>- </span><span style='mso-fareast-font-family: 함초롬바탕;'>서울식물원 온실은 휴관 중이며</span><span style='letter-spacing: 0pt; mso-font-width: 100%; mso-text-raise: 0pt;' lang='EN-US'> </span><strong><span style='text-decoration: underline;'><span style='mso-fareast-font-family: 함초롬바탕;'>야외 주제정원</span><span style='letter-spacing: 0pt; mso-font-width: 100%; mso-text-raise: 0pt;' lang='EN-US'>(</span><span style='mso-fareast-font-family: 함초롬바탕;'>유료 구간</span><span style='letter-spacing: 0pt; mso-font-width: 100%; mso-text-raise: 0pt;' lang='EN-US'>)</span></span></strong><span style='mso-fareast-font-family: 함초롬바탕;'><strong><span style='text-decoration: underline;'>만 자유롭게 산책하는 프로그램</span></strong>입니다</span><span style='letter-spacing: 0pt; mso-font-width: 100%; mso-text-raise: 0pt;' lang='EN-US'>. <br /><br /><strong>&lt;&nbsp;식물보호를 위한&nbsp;정원내 준수사항 &g,https://yeyak.seoul.go.kr/fileDownload.web?p=/TB_SVCIMG/2020/07/09/S200709164557316934&n=LKbp2Pi55L7TKcYaT1aKYIh6HmLi1I&on=1.jpg,<p class='0' style='text-align: center; font-size: 12pt; mso-pagination: none; mso-padding-alt: 0pt 0pt 0pt 0pt;'><span style='font-family: 맑은 고딕; font-size: 12pt;'><span style='font-size: 10px;'><span style='font-family: 돋움; font-size: 14px;'><span lang='EN-US'><strong><span style='font-family: 돋움체;'><br /></span></strong></span></span><span style='color: #003300;'><span style='font-size: 14px;'><span lang='EN-US'><strong><span style='font-family: 돋움체;'><br /></span></strong></span></span><span style='color: #808080;'><span style='font-size: 14px;'><span lang='EN-US'><strong><span style='font-family: 돋움체;'><span style='font-size: 16px;'>2020 </span></span></strong></span><strong><span style='font-family: 돋움체; mso-fareast-font-family: 맑은 고딕;'><span style='font-size: 16px;'>서울식물원 여름&nbsp;특별 프로그램</span><br /><strong><span style='font-family: 돋움체; font-size: 14px;'><span style='mso-fareast-font-family: 맑은 고딕;'><span style='font-size: 16px;'>'여름이 내려 앉은 야외&nbsp;정원에서 특별한 인생사진을 남겨보세요!'</span><br /><br /><span style='color: #008000; font-family: 돋움; font-size: 10px;'><span style='font-size: 24px;'><span style='letter-spacing: 0pt; mso-font-width: 100%; mso-text-raise: 0pt; mso-ascii-font-family: 맑은 고딕;' lang='EN-US'>&lt;비밀의 정원 산책&gt;</span></span><span style='letter-spacing: 0pt; mso-font-width: 100%; mso-text-raise: 0pt; mso-ascii-font-family: 맑은 고딕;' lang='EN-US'>&nbsp;<br /></span></span></span></span></strong></span></strong></span><span style='color: #008000; font-family: 돋움; font-size: 14px;'><strong><span style='mso-fareast-font-family: 맑은 고딕;'><strong><span style='font-size: 14px;'><span style='mso-fareast-font-family: 맑은 고딕;'><span style='font-size: 10px;'><span style='letter-spacing: 0pt; mso-font-width: 100%; mso-text-raise: 0pt; mso-ascii-font-family: 맑은 고딕;' lang='EN-US'><br /></span></span></span></span></strong></span></strong></span></span></span><span style='font-family: 돋움; font-size: 14px;'><strong><span style='font-family: 돋움체; mso-fareast-font-family: 맑,02-2104-9782 9783,15:30,17:30,이용일,1
자체,S200720145117075581,문화행사,전시/관람,접수중,서울시립 북서울미술관 통합 전시관람 예약,무료,서울시립 북서울미술관,제한없음,http://yeyak.seoul.go.kr/reservation/view.web?rsvsvcid=S200720145117075581,37.64066136,127.0668666,00:00.0,00:00.0,00:00.0,00:00.0,노원구,정부의 다중이용시설에 대한&nbsp;전자출입명부(QR코드)&nbsp;도입 의무화에 따라 사전 예약과 별개로 'QR코드' 인증을 하셔야만 입장 가능합니다.<br />비상시 정확한 역학조사 및 신속한 대처를&nbsp;위한 조치로 다소 번거로우시더라도 양해부탁드리겠습니다.<br />감사합니다.,https://yeyak.seoul.go.kr/fileDownload.web?p=/TB_SVCIMG/2020/07/20/S200720145117075581&n=781ajp27YY6NI19hZ323wCcxx5ph3H&on=IMG_3334.JPG,<span style='color: #808080;'><span style='letter-spacing: 0pt; mso-fareast-font-family: 돋움; mso-hansi-font-family: 돋움; mso-font-width: 100%; mso-text-raise: 0pt;'>○ </span><span style='mso-fareast-font-family: 돋움;'>예약 인원</span><span style='letter-spacing: 0pt; mso-font-width: 100%; mso-text-raise: 0pt; mso-ascii-font-family: 돋움;' lang='EN-US'>: </span><span style='mso-fareast-font-family: 돋움;'>평일 </span><span style='letter-spacing: 0pt; mso-font-width: 100%; mso-text-raise: 0pt; mso-ascii-font-family: 돋움;' lang='EN-US'>300</span><span style='mso-fareast-font-family: 돋움;'>명</span><span style='letter-spacing: 0pt; mso-font-width: 100%; mso-text-raise: 0pt; mso-ascii-font-family: 돋움;' lang='EN-US'>(5</span><span style='mso-fareast-font-family: 돋움;'>회</span><span style='letter-spacing: 0pt; mso-font-width: 100%; mso-text-raise: 0pt; mso-ascii-font-family: 돋움;' lang='EN-US'>) </span><span style='mso-fareast-font-family: 돋움;'>주말 </span><span style='letter-spacing: 0pt; mso-font-width: 100%; mso-text-raise: 0pt; mso-ascii-font-family: 돋움;' lang='EN-US'>240</span><span style='mso-fareast-font-family: 돋움;'>명</span><span style='letter-spacing: 0pt; mso-font-width: 100%; mso-text-raise: 0pt; mso-ascii-font-family: 돋움;' lang='EN-US'>(4</span><span style='mso-fareast-font-family: 돋움;'>회</span><span style='letter-spacing: 0pt; mso-font-width: 100%; mso-text-raise: 0pt; mso-ascii-font-family: 돋움;' lang='EN-US'>) </span><span style='letter-spacing: 0pt; mso-fareast-font-family: 돋움; mso-hansi-font-family: 돋움; mso-font-width: 100%; mso-text-raise: 0pt;'>※ </span><span style='letter-spacing: 0pt; mso-font-width: 100%; mso-text-raise: 0pt; mso-ascii-font-family: 돋움;' lang='EN-US'>1</span><span style='mso-fareast-font-family: 돋움;'>회당 시간은 </span><span style='letter-spacing: 0pt; mso-font-width: 100%; mso-text-raise: 0pt; mso-ascii-font-family: 돋움;' lang='EN-US'>2</span><span style='mso-fareast-font-family: 돋움;'>시간임<br /></span></span><br /><span style='color: #808080;'><span style='let,02-2124-5248 5249,10:00,22:00,이용일,1
자체,S200720151025204324,문화행사,전시/관람,접수중,한성백제박물관 전시관람 사전예약,무료,한성백제박물관,제한없음,http://yeyak.seoul.go.kr/reservation/view.web?rsvsvcid=S200720151025204324,37.51542719,127.1208,00:00.0,00:00.0,00:00.0,59:00.0,송파구,<!--StartFragment--> <p class='0' style='; mso-pagination: none; mso-padding-alt: 0pt 0pt 0pt 0pt;'><span style='letter-spacing: 0pt; mso-font-width: 100%; mso-text-raise: 0pt; mso-fareast-font-family: 함초롬바탕;'>○ </span><span style='mso-fareast-font-family: 함초롬바탕;'>마스크 착용자만 입장</span><span style='letter-spacing: 0pt; font-family: 함초롬바탕; mso-font-width: 100%; mso-text-raise: 0pt;' lang='EN-US'> </span><span style='mso-fareast-font-family: 함초롬바탕;'>손소독제 구비</span><span style='letter-spacing: 0pt; font-family: 함초롬바탕; mso-font-width: 100%; mso-text-raise: 0pt;' lang='EN-US'> </span><span style='mso-fareast-font-family: 함초롬바탕;'>전시실 수시 소독 진행</span></p> <p class='0' style='; mso-pagination: none; mso-padding-alt: 0pt 0pt 0pt 0pt;'><span style='letter-spacing: 0pt; mso-font-width: 100%; mso-text-raise: 0pt; mso-fareast-font-family: 함초롬바탕;'>○ </span><span style='mso-fareast-font-family: 함초롬바탕;'>열감지 카메라를 통한 발열자 확인 및 관내 진입금지 실시</span></p> <p class='0' style='; mso-pagination: none; mso-padding-alt: 0pt 0pt 0pt 0pt;'><span style='letter-spacing: 0pt; mso-font-width: 100%; mso-text-raise: 0pt; mso-fareast-font-family: 함초롬바탕;'>○ </span><span style='mso-fareast-font-family: 함초롬바탕;'>개인 관람 이외 모든 형태의 대면 설명 금지</span><span style='letter-spacing: 0pt; font-family: 함초롬바탕; mso-font-width: 100%; mso-text-raise: 0pt;' lang='EN-US'> 2</span><span style='mso-fareast-font-family: 함초롬바탕;'>시간 이내 관람 권유</span></p> <p class='0' style='; mso-pagination: none; mso-padding-alt: 0pt 0pt 0pt 0pt;'><span style='letter-spacing: 0pt; mso-font-width: 100%; mso-text-raise: 0pt; mso-fareast-font-family: 함초롬바탕;'>○ </span><span style='mso-fareast-font-family: 함초롬바탕;'>학생단체</span><span style='letter-spacing: 0pt; font-family: 함초롬바탕; mso-font-width: 100%; mso-text-raise: 0pt;' lang='EN-US'> </span><span style='mso-fareast-font-family: 함초롬바탕;'>사설 안내 등 단체 해설 및 예약 불가</span></p>,https://yeyak.seoul.go.kr/fileDownload.web?p=/TB_SVCIMG/2020/07/20/S200720151025204324&n=NYNfQhriN9o89pd3dh6f4ISHjpT2i9&on=박물관 전경.jpg,<!--StartFragment--> <p class='0' style='letter-spacing: 0pt; ; mso-pagination: none; mso-padding-alt: 0pt 0pt 0pt 0pt; mso-font-width: 100%; mso-text-raise: 0pt;'><span style='font-family: 돋움체;'><span style='mso-fareast-font-family: 함초롬바탕;'>한성백제박물관은 </span><span style='letter-spacing: 0pt; mso-font-width: 100%; mso-text-raise: 0pt;' lang='EN-US'>7</span><span style='mso-fareast-font-family: 함초롬바탕;'>월 </span><span style='letter-spacing: 0pt; mso-font-width: 100%; mso-text-raise: 0pt;' lang='EN-US'>22</span><span style='mso-fareast-font-family: 함초롬바탕;'>일</span><span style='letter-spacing: 0pt; mso-font-width: 100%; mso-text-raise: 0pt;' lang='EN-US'>(수</span><span style='letter-spacing: 0pt; mso-font-width: 100%; mso-text-raise: 0pt;' lang='EN-US'>)</span><span style='mso-fareast-font-family: 함초롬바탕;'>부터 사전예약제를 통해 여러분과 다시 만나겠습니다</span><span style='letter-spacing: 0pt; mso-font-width: 100%; mso-text-raise: 0pt;' lang='EN-US'>.</span></span></p> <p class='0' style='; mso-pagination: none; mso-padding-alt: 0pt 0pt 0pt 0pt;'><span style='font-family: 돋움체;'> <!--[if !supportEmptyParas]-->&nbsp;<!--[endif]--> </span></p> <p class='0' style='letter-spacing: 0pt; ; mso-pagination: none; mso-padding-alt: 0pt 0pt 0pt 0pt; mso-font-width: 100%; mso-text-raise: 0pt;'><span style='font-family: 돋움체;'><span style='mso-fareast-font-family: 함초롬바탕;'>휴관기간 중 한성백제박물관은&nbsp;기증유물&nbsp;특별전 </span><span style='letter-spacing: 0pt; mso-font-width: 100%; mso-text-raise: 0pt;' lang='EN-US'>&lt;</span><span style='mso-fareast-font-family: 함초롬바탕;'>백자: 경덕진에서 서울까지</span><span style='letter-spacing: 0pt; mso-font-width: 100%; mso-text-raise: 0pt;' lang='EN-US'>&gt;를</span><span style='mso-fareast-font-family: 함초롬바탕;'> 준비하였습니다</span><span style='letter-spacing: 0pt; mso-font-width: 100%; mso-text-raise: 0pt;' lang='EN-US'>. </span></span></p> <p class='0' style='; mso-pagination: none; mso-padding-alt: 0pt 0pt 0pt 0pt;'><span style='font-family: 돋움체;'> <!--[if !supportEmptyParas]-->&nbsp;<!--[endi,02-2152-5800,9:00,19:00,이용기간시작일,1
자체,S200720163434835031,문화행사,전시/관람,접수중,청계천박물관 사전예약관람,무료,청계천박물관(서울역사박물관 분관),제한없음,http://yeyak.seoul.go.kr/reservation/view.web?rsvsvcid=S200720163434835031,37.57126644,127.0350414,00:00.0,00:00.0,00:00.0,00:00.0,성동구,<span style='font-size: 14px;'>-아이디 1개당 1명씩만 예약 가능합니다.</span><br /><span style='font-size: 14px;'>-관람을 원하시는 분은 개별 예약 부탁드립니다.</span><br /><span style='font-size: 14px;'>-마스크를 착용한 개인 입장만 관람하실 수 있습니다.(단체 불가)</span><br /><span style='font-size: 14px;'>-사전예약 관람 기간 중에는 전시해설은 진행하지 않습니다.</span>,https://yeyak.seoul.go.kr/fileDownload.web?p=/TB_SVCIMG/2020/07/20/S200720163434835031&n=I5Pi2F64154UGhsCjd7MljxY5nURT1&on=청계천박물관_국영문.jpg,<!--StartFragment--><br /><strong><span style='font-family: 돋움체; font-size: 24px;'><span style='letter-spacing: -0.6pt; mso-font-width: 96%; mso-fareast-font-family: 함초롬바탕;'><br />청계천박물관 사전예약관람 신청&nbsp;안내</span><span style='letter-spacing: -0.6pt; mso-font-width: 96%; mso-text-raise: 0pt;' lang='EN-US'><br /><span style='font-family: 돋움체;'><span style='letter-spacing: -1.3pt; mso-font-width: 96%; mso-fareast-font-family: 함초롬바탕;'><span style='letter-spacing: -1.1pt; mso-font-width: 96%; mso-text-raise: 0pt;' lang='EN-US'><br /></span></span></span></span></span></strong> <p class='0' style='mso-pagination: none; mso-padding-alt: 0pt 0pt 0pt 0pt;'><span style='font-family: 돋움체; font-size: 14px;'><span style='letter-spacing: 0pt; mso-font-width: 100%; mso-fareast-font-family: 함초롬바탕; mso-text-raise: 0pt;'><br /><span style='font-size: 16px;'>임시휴관 중이었던 청계천박물관(관장 한은희)이 사전예약을 통해 재개관합니다.<br /><br />코로나-19 확산 방지를 위하여 단체관람은 불가하며 아이디 1개 당 최대 4명까지 예약하실 수 있습니다. <br /><strong><span style='color: #ff0000;'>(현행 : 아이디 1개 당 최대 2명 &rarr; 8월 7일 이후 : 아이디 1개 당 최대 4명)</span></strong><br /><br /><br /></span><span style='font-size: 16px;'>코로나-19 추이에 따라 운영횟수와 관람인원이&nbsp;변동될 수 있습니다.&nbsp;<br /><br /></span><br />○ </span><span style='mso-fareast-font-family: 함초롬바탕;'>관람시간 </span><span style='letter-spacing: 0pt; mso-font-width: 100%; mso-text-raise: 0pt;' lang='EN-US'>: </span><span style='mso-fareast-font-family: 함초롬바탕;'>일</span><span style='letter-spacing: 0pt; mso-font-width: 100%; mso-text-raise: 0pt;' lang='EN-US'>3</span><span style='mso-fareast-font-family: 함초롬바탕;'>회 </span><span style='letter-spacing: 0pt; mso-font-width: 100%; mso-text-raise: 0pt;' lang='EN-US'>(10</span><span style='letter-spacing: 0pt; mso-font-width: 100%; mso-text-raise: 0pt;' lang='EN-US'>~12</span><span style='mso-fareast-font-family: 함초롬바탕;'>시 </span><span style='letter-spacing: 0pt; mso-font-width: 100%; mso-text-raise: 0pt;' lang='EN-US'>/ 13</span><span style='letter-spacing: 0pt; mso-font-width: 100%; ms,02-2286-3410,9:00,18:00,이용일,1
자체,S200720180122029277,문화행사,전시/관람,접수중,서울시립미술관 서소문본관 전시 관람 예약,무료,서울시립미술관,제한없음,http://yeyak.seoul.go.kr/reservation/view.web?rsvsvcid=S200720180122029277,37.5641076,126.9737,00:00.0,00:00.0,00:00.0,00:00.0,중구,<span style='color: #000000;'><span style='font-size: 9pt; mso-fareast-font-family: 돋움;'>입장 전 반드시 마스크를 착용해야 하며</span><span style='letter-spacing: 0pt; font-family: 돋움; font-size: 9pt; mso-font-width: 100%; mso-text-raise: 0pt; mso-ascii-font-family: 돋움;' lang='EN-US'> </span><span style='font-size: 9pt; mso-fareast-font-family: 돋움;'>신원확인 및 방역조치에 협조하여 주시기 바랍니다</span><span style='letter-spacing: 0pt; font-family: 돋움; font-size: 9pt; mso-font-width: 100%; mso-text-raise: 0pt; mso-ascii-font-family: 돋움;' lang='EN-US'>.</span></span>,https://yeyak.seoul.go.kr/fileDownload.web?p=/TB_SVCIMG/2020/07/20/S200720180122029277&n=F7y34K5JH8kmaszZ9Qn8B6cC4hPiPA&on=TM7A7566.jpg,<!--StartFragment--> <p class='0' style='line-height: 180%; ; mso-pagination: none; mso-padding-alt: 0pt 0pt 0pt 0pt;'><span style='letter-spacing: 0pt; font-family: 굴림체; mso-fareast-font-family: 굴림체; mso-hansi-font-family: 굴림체; mso-font-width: 100%; mso-text-raise: 0pt;'>○ </span><span style='font-family: 굴림체; mso-fareast-font-family: 굴림체;'>예약인원 </span><span style='letter-spacing: 0pt; font-family: 굴림체; mso-fareast-font-family: 굴림체; mso-font-width: 100%; mso-text-raise: 0pt; mso-ascii-font-family: 굴림체;' lang='EN-US'>: </span><span style='font-family: 굴림체; mso-fareast-font-family: 굴림체;'>평일 75</span><span style='font-family: 굴림체; mso-fareast-font-family: 굴림체;'>명</span><span style='letter-spacing: 0pt; font-family: 굴림체; mso-fareast-font-family: 굴림체; mso-font-width: 100%; mso-text-raise: 0pt; mso-ascii-font-family: 굴림체;' lang='EN-US'>(5</span><span style='font-family: 굴림체; mso-fareast-font-family: 굴림체;'>회</span><span style='letter-spacing: 0pt; font-family: 굴림체; mso-fareast-font-family: 굴림체; mso-font-width: 100%; mso-text-raise: 0pt; mso-ascii-font-family: 굴림체;' lang='EN-US'>) </span><span style='font-family: 굴림체; mso-fareast-font-family: 굴림체;'>주말 6</span><span style='letter-spacing: 0pt; font-family: 굴림체; mso-fareast-font-family: 굴림체; mso-font-width: 100%; mso-text-raise: 0pt; mso-ascii-font-family: 굴림체;' lang='EN-US'>0</span><span style='font-family: 굴림체; mso-fareast-font-family: 굴림체;'>명</span><span style='letter-spacing: 0pt; font-family: 굴림체; mso-fareast-font-family: 굴림체; mso-font-width: 100%; mso-text-raise: 0pt; mso-ascii-font-family: 굴림체;' lang='EN-US'>(4</span><span style='font-family: 굴림체; mso-fareast-font-family: 굴림체;'>회</span><span style='letter-spacing: 0pt; font-family: 굴림체; mso-fareast-font-family: 굴림체; mso-font-width: 100%; mso-text-raise: 0pt; mso-ascii-font-family: 굴림체;' lang='EN-US'>) </span><span style='letter-spacing: 0pt; font-family: 굴림체; mso-fareast-font-family: 굴림체; mso-hansi-font-family: 굴림체; mso-font-width: 100%; mso-text-raise: 0pt;'>※ </sp,02-2124-8868,10:00,22:00,이용일,1
자체,S200721105344233007,문화행사,전시/관람,접수중,서울기록원 특별전시 사전예약관람,무료,서울기록원,제한없음,http://yeyak.seoul.go.kr/reservation/view.web?rsvsvcid=S200721105344233007,37.60722465,126.9344318,00:00.0,00:00.0,00:00.0,00:00.0,은평구,*입장 전 반드시 마스크를 착용해야 하며 방역조치에 협조하여 주시기 바랍니다. <br />&nbsp;(의심증상 확인 및 방역 비협조 시 입장이 거부될 수 있습니다),https://yeyak.seoul.go.kr/fileDownload.web?p=/TB_SVCIMG/2020/07/21/S200721105344233007&n=25D16g6gfXcx2L1Lkvu2wlmPaeD8pw&on=넘어넘어 기본 포스터.jpg,<!--StartFragment--> <p class='0' style='line-height: 175%; text-indent: -48.7pt; margin-left: 48.7pt; ; mso-pagination: none; mso-padding-alt: 0pt 0pt 0pt 0pt;'><span style='letter-spacing: 0pt; font-family: 함초롬돋움; font-size: 12pt; font-weight: bold; mso-fareast-font-family: 함초롬돋움; mso-ascii-font-family: 함초롬돋움; mso-font-width: 100%; mso-text-raise: 0pt;' lang='EN-US'>[</span><span style='font-family: 함초롬돋움; font-size: 12pt; font-weight: bold; mso-fareast-font-family: 함초롬돋움;'>전시</span><span style='letter-spacing: 0pt; font-family: 함초롬돋움; font-size: 12pt; font-weight: bold; mso-fareast-font-family: 함초롬돋움; mso-ascii-font-family: 함초롬돋움; mso-font-width: 100%; mso-text-raise: 0pt;' lang='EN-US'>] 5</span><span style='letter-spacing: 0pt; font-family: 함초롬돋움; font-size: 12pt; font-weight: bold; mso-fareast-font-family: 함초롬돋움; mso-ascii-font-family: 함초롬돋움; mso-font-width: 100%; mso-text-raise: 0pt;' lang='EN-US'>&middot;</span><span style='letter-spacing: 0pt; font-family: 함초롬돋움; font-size: 12pt; font-weight: bold; mso-fareast-font-family: 함초롬돋움; mso-ascii-font-family: 함초롬돋움; mso-font-width: 100%; mso-text-raise: 0pt;' lang='EN-US'>18 40</span><span style='font-family: 함초롬돋움; font-size: 12pt; font-weight: bold; mso-fareast-font-family: 함초롬돋움;'>주년 기념 기록물 전시 </span><span style='letter-spacing: 0pt; font-family: 함초롬돋움; font-size: 12pt; font-weight: bold; mso-fareast-font-family: 함초롬돋움; mso-ascii-font-family: 함초롬돋움; mso-font-width: 100%; mso-text-raise: 0pt;' lang='EN-US'>&lt;&lt;</span><span style='font-family: 함초롬돋움; font-size: 12pt; font-weight: bold; mso-fareast-font-family: 함초롬돋움;'>넘어 넘어</span><span style='letter-spacing: 0pt; font-family: 함초롬돋움; font-size: 12pt; font-weight: bold; mso-fareast-font-family: 함초롬돋움; mso-ascii-font-family: 함초롬돋움; mso-font-width: 100%; mso-text-raise: 0pt;' lang='EN-US'>: </span><span style='font-family: 함초롬돋움; font-size: 12pt; font-weight: bold; mso-fareast-font-family: 함초롬돋움;'>진실을 말하는 용기</span><span style='letter-spacing: 0pt; font-family: 함,02-350-5625 5640,10:00,16:00,이용일,1
자체,S200721110147914978,문화행사,전시/관람,접수중,(7.22~8.23)서울생활사박물관 전시실 사전예약 관람 신청,무료,서울생활사박물관,제한없음,http://yeyak.seoul.go.kr/reservation/view.web?rsvsvcid=S200721110147914978,37.620174,127.0769385,00:00.0,00:00.0,00:00.0,00:00.0,노원구,<!--StartFragment--> <p class='0' style='line-height: 120%; ; mso-pagination: none; mso-padding-alt: 0pt 0pt 0pt 0pt;'><span style='letter-spacing: 0pt; font-family: 굴림; font-size: 12pt; font-weight: bold; mso-fareast-font-family: 굴림; mso-ascii-font-family: 굴림; mso-font-width: 100%; mso-text-raise: 0pt;' lang='EN-US'>- </span><span style='font-family: 굴림; font-size: 12pt; mso-fareast-font-family: 굴림;'>관람객 신원 확인을 위해서 </span><span style='color: #ff0000; font-family: 굴림; font-size: 12pt; font-weight: bold; mso-fareast-font-family: 굴림;'>아이디 </span><span style='color: #ff0000; letter-spacing: 0pt; font-family: 굴림; font-size: 12pt; font-weight: bold; mso-fareast-font-family: 굴림; mso-ascii-font-family: 굴림; mso-font-width: 100%; mso-text-raise: 0pt;' lang='EN-US'>1</span><span style='color: #ff0000; font-family: 굴림; font-size: 12pt; font-weight: bold; mso-fareast-font-family: 굴림;'>개당 4</span><span style='color: #ff0000; font-family: 굴림; font-size: 12pt; font-weight: bold; mso-fareast-font-family: 굴림;'>명까지 예약</span><span style='font-family: 굴림; font-size: 12pt; mso-fareast-font-family: 굴림;'>가능합니다</span><span style='letter-spacing: 0pt; font-family: 굴림; font-size: 12pt; mso-fareast-font-family: 굴림; mso-ascii-font-family: 굴림; mso-font-width: 100%; mso-text-raise: 0pt;' lang='EN-US'>.</span><span style='letter-spacing: 0pt; font-family: 굴림; font-size: 12pt; mso-fareast-font-family: 굴림; mso-ascii-font-family: 굴림; mso-font-width: 100%; mso-text-raise: 0pt;' lang='EN-US'><br /></span><br />&nbsp;<span style='letter-spacing: 0pt; font-family: 굴림; font-size: 12pt; mso-fareast-font-family: 굴림; mso-ascii-font-family: 굴림; mso-font-width: 100%; mso-text-raise: 0pt;' lang='EN-US'>- </span><span style='background: #ffff00; font-family: 굴림; font-size: 12pt; mso-fareast-font-family: 굴림;'>마스크를 착용</span><span style='font-family: 굴림; font-size: 12pt; mso-fareast-font-family: 굴림;'>한 개인만 입장 가능합니다</span><span style='letter-spacing: 0pt; font-family: 굴림; font-size: 12pt; mso-fareast-font-family: ,https://yeyak.seoul.go.kr/fileDownload.web?p=/TB_SVCIMG/2020/07/21/S200721110147914978&n=H3p3ki9fZZ9fpkZ6NR8Qw2C35qDyQX&on=사본 -라디오_포스터시안-최종-최종_최종.jpg,<span style='font-size: 16px;'><span style='font-size: 16px;'><span style='font-size: 24px;'><!--StartFragment--></span></span></span> <p class='0' style='line-height: 120%; ; mso-pagination: none; mso-padding-alt: 0pt 0pt 0pt 0pt;'><span style='font-size: 24px;'><span style='color: #ff0000; letter-spacing: 0pt; font-family: 굴림; font-weight: bold; mso-fareast-font-family: 굴림; mso-ascii-font-family: 굴림; mso-font-width: 100%; mso-text-raise: 0pt;' lang='EN-US'>[</span><span style='color: #ff0000; font-family: 굴림; font-weight: bold; mso-fareast-font-family: 굴림;'>재개관</span><span style='color: #ff0000; letter-spacing: 0pt; font-family: 굴림; font-weight: bold; mso-fareast-font-family: 굴림; mso-ascii-font-family: 굴림; mso-font-width: 100%; mso-text-raise: 0pt;' lang='EN-US'>]</span><span style='font-family: 굴림; font-weight: bold; mso-fareast-font-family: 굴림;'>서울생활사박물관&nbsp;전시실</span><span style='letter-spacing: 0pt; font-family: 굴림; font-weight: bold; mso-fareast-font-family: 굴림; mso-ascii-font-family: 굴림; mso-font-width: 100%; mso-text-raise: 0pt;' lang='EN-US'>&nbsp;</span><span style='color: #3366ff; letter-spacing: 0pt; font-family: 굴림; font-weight: bold; mso-fareast-font-family: 굴림; mso-ascii-font-family: 굴림; mso-font-width: 100%; mso-text-raise: 0pt;' lang='EN-US'>&lt;</span><span style='color: #3366ff; font-family: 굴림; font-weight: bold; mso-fareast-font-family: 굴림;'>사전예약 관람</span><span style='color: #3366ff; letter-spacing: 0pt; font-family: 굴림; font-weight: bold; mso-fareast-font-family: 굴림; mso-ascii-font-family: 굴림; mso-font-width: 100%; mso-text-raise: 0pt;' lang='EN-US'>&gt;</span><span style='font-family: 굴림; font-weight: bold; mso-fareast-font-family: 굴림;'>신청 안내<br /><br /><br /><span style='color: #ff0000;'>※ 어린이체험실 '옴팡놀이터'는 별도의 예약이 필요합니다</span><br /></span></span><br />&nbsp;<br /><span style='font-size: 24px;'> <span style='font-family: 굴림; mso-fareast-font-family: 굴림;'>코로나 </span><span style='letter-spacing: 0pt; font-family: 굴림; mso-fareast-font-family: 굴,02-3399-2900,10:00,18:00,이용일,1
자체,S200728110616547540,문화행사,전시/관람,접수중,공평도시유적전시관 사전예약관람,무료,공평도시유적전시관,제한없음,http://yeyak.seoul.go.kr/reservation/view.web?rsvsvcid=S200728110616547540,37.57149756,126.9836588,00:00.0,00:00.0,30:00.0,00:00.0,종로구,<p class='0' style='margin: 0px; padding: 0px; border: 0px;'>○&nbsp;주의사항</p> <p class='0' style='margin: 0px; padding: 0px; border: 0px; letter-spacing: 0pt;'>-&nbsp;입장 전 반드시 마스크를 착용해야 하며 신원확인 및 방역조치에 협조하여 주시기 바랍니다.<br />- 현장접수는 QR코드를 이용한 신원확인 후 관람 가능합니다.</p> <p class='0' style='margin: 0px; padding: 0px; border: 0px; letter-spacing: 0pt;'>&nbsp;&nbsp;(의심증상 확인 및 방역 비협조 시 입장이 거부될 수 있습니다)<br /><br /><br /></p>,https://yeyak.seoul.go.kr/fileDownload.web?p=/TB_SVCIMG/2020/07/28/S200728110616547540&n=5Nh29J3jtTFVAYW3RhKvPm2FM57d1l&on=공평도시유적전시관_국영문.jpg,<ul style='margin: 0px; padding: 0px 0px 0px 10px; border: 0px; list-style: none; color: #717171; font-family: 돋움 verdana;'> <li style='margin: 0px; padding: 0px 0px 35px; border: 0px;'> <h4 style='margin: 0px; padding: 0px 0px 12px; border: 0px; font-size: 12px; line-height: 1; color: #5a709f;'>1. 공공시설 예약서비스 이용시 필수 준수사항</h4> <p style='margin: 0px; padding: 0px; border: 0px;'>모든 서비스의 이용은 담당 기관의 규정에 따릅니다. 각 시설의 규정 및 허가조건을 반드시 준수하여야 합니다.<br style='margin: 0px; padding: 0px;' />각 관리기관의 시설물과 부대시설을 이용함에 있어 담당자들과 협의 후 사용합니다.<br style='margin: 0px; padding: 0px;' />각 관리기관의 사고 발생시 서울시청에서는 어떠한 책임도 지지않습니다.<br style='margin: 0px; padding: 0px;' />시설이용료 납부는 각 관리기관에서 규정에 준 합니다.<br style='margin: 0px; padding: 0px;' />본 사이트와 각 관리기관의 규정을 위반할시에는 시설이용 취소 및 시설이용 불허의 조치를 취할 수 있습니다.<br style='margin: 0px; padding: 0px;' />접수시간을 기준으로 브라우저에서 새로고침을 하면 변경된 정보를 볼 수 있습니다.<a class='btn clsBtnNext btn-warning'>다음단계&nbsp;</a></p> </li> <li style='margin: 0px; padding: 0px 0px 35px; border: 0px;'> <h4 style='margin: 0px; padding: 0px 0px 12px; border: 0px; font-size: 12px; line-height: 1; color: #5a709f;'>2. 시설예약</h4> <p style='margin: 0px; padding: 0px; border: 0px;'>비회원일 경우에는 실명 확인을 통하여 사용하실 수 있으며 서울시 통합 회원에 가입 하시게 되면 서울시에서 제공하는 다양하고 많은 혜택을 받으실 수 있습니다.</p> </li> <li style='margin: 0px; padding: 0px 0px 35px; border: 0px;'> <h4 style='margin: 0px; padding: 0px 0px 12px; border: 0px; font-size: 12px; line-height: 1; color: #5a709f;'>3. 상세내용</h4> </li> <li style='margin: 0px; padding: 0px 0px 35px; border: 0px;'> <p class='0' style='margin: 0px 0px 0px 22.9pt; padding: 0px; border: 0px; text-indent: -22.9pt; letter-spacing: -1.1pt;'>○&nbsp;관람시간&nbsp;:&nbsp;일3회(10시~12시/13시~15시/16시~18시)※&nbsp;매주 월요일 휴관</p> <p class='0' style='margin: 0px; padding: 0px; border: 0px;'>&nbsp;</p> <p class='0' style='margin: 0px; padding: 0px; border: 0px;'>○&nbsp;접수인원&nbsp;</p> </li> <li style='margin: 0px; padding: 0px 0px 35px; border: 0px;'> <p class='0' style='margin: 0px; padding: 0px; border: ,02-724-0135,10:00,18:00,이용일,2
자체,S200731100642753057,문화행사,전시/관람,접수중,백인제가옥 사전예약관람,무료,서울역사박물관>백인제가옥,제한없음,http://yeyak.seoul.go.kr/reservation/view.web?rsvsvcid=S200731100642753057,37.5804463,126.9840916,00:00.0,00:00.0,30:00.0,30:00.0,종로구,<p class='0' style='margin: 0px; padding: 0px; border: 0px; color: #717171; font-family: 돋움 verdana; letter-spacing: 0pt;'><span style='margin: 0px; padding: 0px; border: 0px; letter-spacing: 0pt; font-family: 함초롬바탕;' lang='EN-US'>-&nbsp;</span><span style='margin: 0px; padding: 0px; border: 0px;'>입장 전 반드시 마스크를 착용해야 하며 신원확인 및 방역조치에 협조하여 주시기 바랍니다</span><span style='margin: 0px; padding: 0px; border: 0px; letter-spacing: 0pt; font-family: 함초롬바탕;' lang='EN-US'>.</span></p> <p class='0' style='margin: 0px; padding: 0px; border: 0px; color: #717171; font-family: 돋움 verdana;'><span style='margin: 0px; padding: 0px; border: 0px; letter-spacing: 0pt; font-family: 함초롬바탕;' lang='EN-US'>(</span><span style='margin: 0px; padding: 0px; border: 0px;'>의심증상 확인 및 방역 비협조 시 입장이 거부될 수 있습니다</span><span style='margin: 0px; padding: 0px; border: 0px; letter-spacing: 0pt; font-family: 함초롬바탕;' lang='EN-US'>)<br /><span style='font-family: 굴림; font-size: 12px;'>- 안내데스크에서 예약자 신원 확인 후 입장 가능 ( 현장접수자는 전자출입명부(QR코드) 및 수기대장 기입&nbsp;병행)</span><br /></span></p>,https://yeyak.seoul.go.kr/fileDownload.web?p=/TB_SVCIMG/2020/07/31/S200731100642753057&n=BxW16hJB891SWp57f82Q1t814v1G5Q&on=img_backinjea1.jpg,<ul style='margin: 0px; padding: 0px 0px 0px 10px; border: 0px; list-style: none; color: #717171; font-family: 돋움 verdana;'> <li style='margin: 0px; padding: 0px 0px 35px; border: 0px;'> <h4 style='margin: 0px; padding: 0px 0px 12px; border: 0px; font-size: 12px; line-height: 1; color: #5a709f;'>1. 공공시설 예약서비스 이용시 필수 준수사항</h4> <p style='margin: 0px; padding: 0px; border: 0px;'>모든 서비스의 이용은 담당 기관의 규정에 따릅니다. 각 시설의 규정 및 허가조건을 반드시 준수하여야 합니다.<br style='margin: 0px; padding: 0px;' />각 관리기관의 시설물과 부대시설을 이용함에 있어 담당자들과 협의 후 사용합니다.<br style='margin: 0px; padding: 0px;' />각 관리기관의 사고 발생시 서울시청에서는 어떠한 책임도 지지않습니다.<br style='margin: 0px; padding: 0px;' />시설이용료 납부는 각 관리기관에서 규정에 준 합니다.<br style='margin: 0px; padding: 0px;' />본 사이트와 각 관리기관의 규정을 위반할시에는 시설이용 취소 및 시설이용 불허의 조치를 취할 수 있습니다.<br style='margin: 0px; padding: 0px;' />접수시간을 기준으로 브라우저에서 새로고침을 하면 변경된 정보를 볼 수 있습니다.</p> </li> <li style='margin: 0px; padding: 0px 0px 35px; border: 0px;'> <h4 style='margin: 0px; padding: 0px 0px 12px; border: 0px; font-size: 12px; line-height: 1; color: #5a709f;'>2. 시설예약</h4> <p style='margin: 0px; padding: 0px; border: 0px;'>비회원일 경우에는 실명 확인을 통하여 사용하실 수 있으며 서울시 통합 회원에 가입 하시게 되면 서울시에서 제공하는 다양하고 많은 혜택을 받으실 수 있습니다.</p> </li> <li style='margin: 0px; padding: 0px 0px 35px; border: 0px;'> <h4 style='margin: 0px; padding: 0px 0px 12px; border: 0px; font-size: 12px; line-height: 1; color: #5a709f;'>3. 상세내용&nbsp;</h4> </li> <li style='margin: 0px; padding: 0px 0px 35px; border: 0px;'> <p class='0' style='margin: 0px 0px 0px 22.9pt; padding: 0px; border: 0px; text-indent: -22.9pt; letter-spacing: -1.1pt;'>○&nbsp;관람시간&nbsp;:&nbsp;일3회(10시~12시/13시~15시/16시~18시)※&nbsp;매주 월요일 휴관</p> <p class='0' style='margin: 0px; padding: 0px; border: 0px;'>&nbsp;</p> <p class='0' style='margin: 0px; padding: 0px; border: 0px;'>○&nbsp;접수인원&nbsp;:&nbsp;일 90명(회당 30명)&nbsp;※&nbsp;개인접수만 가능<br style='margin: 0px; padding: 0px;' /><br style='margin: 0px; padding: 0px;' /></p> <p class='0' style='margin: 0px; padding: 0px; b,02-724-0277,10:00,18:00,이용일,2
자체,S200731174301977635,문화행사,공연/콘서트,접수중,서울생활사박물관 우리동네음악회,무료,서울생활사박물관,성인(초등학생이상관람가능),http://yeyak.seoul.go.kr/reservation/view.web?rsvsvcid=S200731174301977635,37.620174,127.0769385,00:00.0,00:00.0,00:00.0,00:00.0,노원구,<!--StartFragment--> <p class='0' style='; mso-pagination: none; mso-padding-alt: 0pt 0pt 0pt 0pt;'><span style='font-family: 맑은 고딕; font-size: 12pt; font-weight: bold; mso-fareast-font-family: 맑은 고딕;'><span style='font-family: AppleSDGothicNeo-Regular'Malgun Gothic''맑은 고딕' sans-serif; font-size: 0.9rem;'><span style='color: #b4b4b4;'>※ 공연중 휴대전화 전원은 꼭 꺼주시기 바랍니다. Please make sure that your mobile phone is swiched off.</span></span><br /><span style='font-family: AppleSDGothicNeo-Regular'Malgun Gothic''맑은 고딕' sans-serif; font-size: 0.9rem;'><span style='color: #b4b4b4;'>※ 악장 사이의 박수는 삼가 주시기 바랍니다. Please do not applaud between the movements.</span></span><br /><br /><strong>입장가능연령은 초등학생이상 가능하며 입장가능 시간은 공연 </strong></span><span style='letter-spacing: 0pt; font-family: 맑은 고딕; font-size: 12pt; font-weight: bold; mso-fareast-font-family: 맑은 고딕; mso-ascii-font-family: 맑은 고딕; mso-font-width: 100%; mso-text-raise: 0pt;' lang='EN-US'><strong>1</strong></span><strong><span style='font-family: 맑은 고딕; font-size: 12pt; font-weight: bold; mso-fareast-font-family: 맑은 고딕;'>시간전부터 가능함<br /> 현장접수도 선착순 20</span><span style='font-family: 맑은 고딕; font-size: 12pt; font-weight: bold; mso-fareast-font-family: 맑은 고딕;'>명에 한해 입장 가능</span></strong><strong><span style='letter-spacing: 0pt; font-family: 맑은 고딕; font-size: 12pt; font-weight: bold; mso-fareast-font-family: 맑은 고딕; mso-ascii-font-family: 맑은 고딕; mso-font-width: 100%; mso-text-raise: 0pt;' lang='EN-US'>. <br /></span><span style='font-family: 맑은 고딕; font-size: 12pt; font-weight: bold; mso-fareast-font-family: 맑은 고딕;'>코로나</span><span style='letter-spacing: 0pt; font-family: 맑은 고딕; font-size: 12pt; font-weight: bold; mso-fareast-font-family: 맑은 고딕; mso-ascii-font-family: 맑은 고딕; mso-font-width: 100%; mso-text-raise: 0pt;' lang='EN-US'>19 </span><span style='font-family: 맑은 고딕; font-size: 12pt; font-weight: bold; mso-fareast-font-family: 맑은 고딕;'>감염위험을 최소화하기 위해 사회적 거리두기 객석배치 시행하며</span></strong><strong><span style='letter-spacing: 0pt; f,https://yeyak.seoul.go.kr/fileDownload.web?p=/TB_SVCIMG/2020/07/31/S200731174301977635&n=8kGfu12m15dzhMsKf7LXkwF8Fskxz1&on=포스터(420x620mm)_3차 수정(색감 조정).jpg,<!--StartFragment--> <p class='0' style='text-align: center; ; -ms-word-break: keep-all; mso-pagination: none; mso-padding-alt: 0pt 0pt 0pt 0pt;'><span style='letter-spacing: 1pt; font-family: 맑은 고딕; font-size: 14pt; font-weight: bold; mso-fareast-font-family: 맑은 고딕;'>서울생활사박물관과 우리은행이 함께하는 서울시립교향악단 </span></p> <p class='0' style='text-align: center; ; -ms-word-break: keep-all; mso-pagination: none; mso-padding-alt: 0pt 0pt 0pt 0pt;'><span style='letter-spacing: 1pt; font-family: 맑은 고딕; font-size: 14pt; font-weight: bold; mso-fareast-font-family: 맑은 고딕; mso-ascii-font-family: 맑은 고딕; mso-font-width: 100%; mso-text-raise: 0pt;' lang='EN-US'>&lt;</span><span style='letter-spacing: 1pt; font-family: 맑은 고딕; font-size: 14pt; font-weight: bold; mso-fareast-font-family: 맑은 고딕;'>우리동네 음악회 실내악</span><span style='letter-spacing: 1pt; font-family: 맑은 고딕; font-size: 14pt; font-weight: bold; mso-fareast-font-family: 맑은 고딕; mso-ascii-font-family: 맑은 고딕; mso-font-width: 100%; mso-text-raise: 0pt;' lang='EN-US'>&gt;</span></p> <p class='0' style='; mso-pagination: none; mso-padding-alt: 0pt 0pt 0pt 0pt;'><span style='letter-spacing: -0.8pt; font-family: 맑은 고딕; font-size: 12pt; mso-fareast-font-family: 맑은 고딕;'>가</span><span style='letter-spacing: -0.8pt; font-family: 맑은 고딕; font-size: 12pt; mso-fareast-font-family: 맑은 고딕; mso-ascii-font-family: 맑은 고딕; mso-font-width: 100%; mso-text-raise: 0pt;' lang='EN-US'>. </span><span style='letter-spacing: -0.8pt; font-family: 맑은 고딕; font-size: 12pt; mso-fareast-font-family: 맑은 고딕;'>공연명 </span><span style='letter-spacing: -0.8pt; font-family: 맑은 고딕; font-size: 12pt; mso-fareast-font-family: 맑은 고딕; mso-ascii-font-family: 맑은 고딕; mso-font-width: 100%; mso-text-raise: 0pt;' lang='EN-US'>: </span><span style='letter-spacing: -0.8pt; font-family: 맑은 고딕; font-size: 12pt; mso-fareast-font-family: 맑은 고딕;'>우리동네 음악회 실내악</span></p> <p class='0' style='line-height: 100%; letter-spacing: -0.8pt; font-size: 12pt; ; mso-pagination: none; mso-padding-alt: 0pt 0,02-3399-2900,18:00,19:00,접수종료일,1
자체,S200804181244254320,문화행사,전시/관람,접수중,동대문역사관 사전예약 관람 신청,무료,동대문역사문화공원,제한없음,http://yeyak.seoul.go.kr/reservation/view.web?rsvsvcid=S200804181244254320,37.56681313,127.0096257,00:00.0,00:00.0,00:00.0,59:00.0,중구,-아이디 1개당 1~2명만 예약 가능합니다.<br />-관람을 원하시는 분은 개별 예약 부탁드립니다.<br />-마스크를 착용한 개인 입장만 관람하실 수 있습니다.(단체 불가)<br />-사전예약 관람 기간 중에는 전시해설은 진행하지 않습니다.,https://yeyak.seoul.go.kr/fileDownload.web?p=/TB_SVCIMG/2020/08/04/S200804181244254320&n=sQRaVl6TrCNJ1gKo9iC1IRpvW4id3W&on=20200724_140938.jpg,<p><span style='font-size: 24px;'><strong>&nbsp;</strong></span></p> <p class='0' style='mso-pagination: none; mso-padding-alt: 0pt 0pt 0pt 0pt;'>&nbsp;</p> <p class='0' style='mso-pagination: none; mso-padding-alt: 0pt 0pt 0pt 0pt;'><br /><br /><span style='font-size: 16px;'><strong>동대문역사관&nbsp;<span style='color: #3366ff;'> &lt;사전예약 관람&gt;</span> 신청 안내</strong></span></p> <p><br /><br /><br /></p> <p><br /><span style='font-size: 16px;'>상설전시 개편 공사로 임시휴관이던 동대문역사관이 다시 문을 엽니다.</span><br /><span style='font-size: 16px;'><br /><span style='font-size: 16px;'>코로나-19 확산 방지를 위해 사전 관람 예약제를 실시하며<br /></span><br />관람객 신원확인과 관람인원 제한을 위해 아이디 1개 당 1~2명만 예약 할 수 있습니다.</span>&nbsp;</p> <p class='1' style='line-height: 150%; -ms-layout-grid-mode: both; mso-pagination: none; mso-padding-alt: 0pt 0pt 0pt 0pt;'>&nbsp;</p> <p><span style='font-size: 16px;'><span style='color: #0000ff; letter-spacing: -0.4pt; font-family: 신명 견고딕; font-size: 17pt; mso-fareast-font-family: 신명 견고딕; mso-hansi-font-family: 신명 견고딕; mso-font-width: 96%; mso-text-raise: 0pt;'>? </span><strong><span style='color: #0000ff;'>운영 내용</span><br /></strong></span><br /><span style='font-size: 16px;'>&nbsp;- 운영기간 :&nbsp;8월 11일(화) ~&nbsp;별도 안내 시까지</span><br /><span style='font-size: 16px;'>&nbsp;- 운영횟수 : 일 3회 (오전/오후) <span style='color: #ff0000;'>* <span style='text-decoration: underline;'>개인접수만 가능&nbsp;단체 입장은 제한</span></span></span><br /><span style='font-size: 16px;'>&nbsp;- 운영시간 : 회당 2시간(10시~12시/ 13시~15시/ 16시~18시)</span><br /><span style='font-size: 16px;'>&nbsp;- 수용인원 : 일 최대 120명까지 &nbsp;(회당 40명)</span><br /><span style='font-size: 16px;'>&nbsp;- 관람범위 : 동대문역사관<br /></span>&nbsp;<br /><br /><br /><span style='font-size: 16px;'><span style='color: #000000;'><span style='color: #0000ff; letter-spacing: -0.4pt; font-family: 신명 견고딕; font-size: 17pt; mso-fareast-font-family: 신명 견고딕; mso-hansi-font-family: 신명 견고딕; mso-font-width: 96%; mso-text-raise: 0pt;'>? </span><strong><span style='color: #0000ff;'>관람 수칙</span><b,02-2153-0000,10:00,18:00,이용일,1
자체,S200805111916377715,문화행사,전시/관람,접수중,서울도시건축센터 사전예약 관람 신청,무료,서울도시건축센터,제한없음,http://yeyak.seoul.go.kr/reservation/view.web?rsvsvcid=S200805111916377715,37.56853577,126.9690349,00:00.0,00:00.0,00:00.0,00:00.0,종로구,서울 아카이브 이용 안내<br /><br />이용시간 월화수목금&nbsp;10:00~18:00(센터의 운영에 따라 관람시간 변경 및 입장 제한이 있을 수 있습니다.)<br />휴관일 토일 공휴일<br />입장마감 17:00<br />문의 02-739-2979<br /><br />유의사항<br />열람한 자료와 도서는 반드시 제자리에 다시 꽂아 주시기 바랍니다.<br />자료를 소지한 채 다른 층으로 이동할 수 없습니다.<br />플래시/삼각대 등을 이용한 촬영과 상업적 용도를 위한 촬영을 금지합니다.<br />음식물 반입과 안내견 이외의 애완동물의 출입은 금지되어 있습니다.<br />모든 공간은 금연구역입니다.,https://yeyak.seoul.go.kr/fileDownload.web?p=/TB_SVCIMG/2020/08/05/S200805111916377715&n=gqyEm6PF4tm68w19WVLpirfUv618RS&on=IMG_3850.JPG,서울도시건축센터 소개<br /><br />서울도시건축센터는 '돈의문 박물관마을' 내 시민과 소통을 통해 서울시 도시건축 문화유산의 가치를 제고하고 역사적 공간을 활용한 문화산업의 플랫폼입니다. <br />센터는 서울 도시건축의 체계적이고 전문적인 아카이브 구축 시민 및 전문가를 위한 전시 교육 행사 공간 조성 제공 등 <br />'돈의문 박물관마을'과 연계한 문화재생사업 등을 추진하고 있습니다.,02-739-2977,10:00,18:00,이용일,1
연계,XML-21566101,문화행사,문화관광,접수중,「815 역사문화콘서트」 개최,무료,도봉구민회관 대강당,누구나 [만7세(취학아동) 이상],http://www.dobong.go.kr/wdb_dev/receipt/ReceiptView.asp?RECEIPT_MST_NUM=445,,,00:00.0,00:00.0,00:00.0,00:00.0,도봉구,,,,,,,,
